"condition.id","code","code.system","subject"
"5000","I48","http://hl7.org/fhir/sid/icd-10","1000"
"5001","K35.1","http://hl7.org/fhir/sid/icd-10","1001"
"5002","I48","http://hl7.org/fhir/sid/icd-10","1002"
"5003","I48","http://hl7.org/fhir/sid/icd-10","1003"
"5004","G43.9","http://hl7.org/fhir/sid/icd-10","1004"
"5005","I48","http://hl7.org/fhir/sid/icd-10","1005"
"5006","G47.2","http://hl7.org/fhir/sid/icd-10","1006"
"5007","I48","http://hl7.org/fhir/sid/icd-10","1007"
"5008","K70.3","http://hl7.org/fhir/sid/icd-10","1008"
"5009","K35.1","http://hl7.org/fhir/sid/icd-10","1009"
"5010","I48","http://hl7.org/fhir/sid/icd-10","1010"
"5011","I48","http://hl7.org/fhir/sid/icd-10","1011"
"5012","I48","http://hl7.org/fhir/sid/icd-10","1012"
"5013","I48","http://hl7.org/fhir/sid/icd-10","1013"
"5014","I48","http://hl7.org/fhir/sid/icd-10","1014"
"5015","I48","http://hl7.org/fhir/sid/icd-10","1015"
"5016","I48","http://hl7.org/fhir/sid/icd-10","1016"
"5017","K35.1","http://hl7.org/fhir/sid/icd-10","1017"
"5018","F19.0","http://hl7.org/fhir/sid/icd-10","1018"
"5019","I48","http://hl7.org/fhir/sid/icd-10","1019"
"5020","K70.3","http://hl7.org/fhir/sid/icd-10","1020"
"5021","K35.1","http://hl7.org/fhir/sid/icd-10","1021"
"5022","I48","http://hl7.org/fhir/sid/icd-10","1022"
"5023","K35.1","http://hl7.org/fhir/sid/icd-10","1023"
"5024","K70.3","http://hl7.org/fhir/sid/icd-10","1024"
"5025","I48","http://hl7.org/fhir/sid/icd-10","1025"
"5026","I48","http://hl7.org/fhir/sid/icd-10","1026"
"5027","G47.2","http://hl7.org/fhir/sid/icd-10","1027"
"5028","I48","http://hl7.org/fhir/sid/icd-10","1028"
"5029","I48","http://hl7.org/fhir/sid/icd-10","1029"
"5030","I48","http://hl7.org/fhir/sid/icd-10","1030"
"5031","I48","http://hl7.org/fhir/sid/icd-10","1031"
"5032","K35.1","http://hl7.org/fhir/sid/icd-10","1032"
"5033","I48","http://hl7.org/fhir/sid/icd-10","1033"
"5034","K70.3","http://hl7.org/fhir/sid/icd-10","1034"
"5035","I48","http://hl7.org/fhir/sid/icd-10","1035"
"5036","I48","http://hl7.org/fhir/sid/icd-10","1036"
"5037","I48","http://hl7.org/fhir/sid/icd-10","1037"
"5038","K70.3","http://hl7.org/fhir/sid/icd-10","1038"
"5039","I48","http://hl7.org/fhir/sid/icd-10","1039"
"5040","I48","http://hl7.org/fhir/sid/icd-10","1040"
"5041","G43.9","http://hl7.org/fhir/sid/icd-10","1041"
"5042","K70.3","http://hl7.org/fhir/sid/icd-10","1042"
"5043","I48","http://hl7.org/fhir/sid/icd-10","1043"
"5044","K70.3","http://hl7.org/fhir/sid/icd-10","1044"
"5045","F19.0","http://hl7.org/fhir/sid/icd-10","1045"
"5046","K35.1","http://hl7.org/fhir/sid/icd-10","1046"
"5047","I48","http://hl7.org/fhir/sid/icd-10","1047"
"5048","K70.3","http://hl7.org/fhir/sid/icd-10","1048"
"5049","K70.3","http://hl7.org/fhir/sid/icd-10","1049"
"5050","I48","http://hl7.org/fhir/sid/icd-10","1050"
"5051","G47.2","http://hl7.org/fhir/sid/icd-10","1051"
"5052","I48","http://hl7.org/fhir/sid/icd-10","1052"
"5053","K70.3","http://hl7.org/fhir/sid/icd-10","1053"
"5054","I48","http://hl7.org/fhir/sid/icd-10","1054"
"5055","K70.3","http://hl7.org/fhir/sid/icd-10","1055"
"5056","K70.3","http://hl7.org/fhir/sid/icd-10","1056"
"5057","I48","http://hl7.org/fhir/sid/icd-10","1057"
"5058","K35.1","http://hl7.org/fhir/sid/icd-10","1058"
"5059","I48","http://hl7.org/fhir/sid/icd-10","1059"
"5060","I48","http://hl7.org/fhir/sid/icd-10","1060"
"5061","I48","http://hl7.org/fhir/sid/icd-10","1061"
"5062","G47.2","http://hl7.org/fhir/sid/icd-10","1062"
"5063","I48","http://hl7.org/fhir/sid/icd-10","1063"
"5064","I48","http://hl7.org/fhir/sid/icd-10","1064"
"5065","I48","http://hl7.org/fhir/sid/icd-10","1065"
"5066","K35.1","http://hl7.org/fhir/sid/icd-10","1066"
"5067","I48","http://hl7.org/fhir/sid/icd-10","1067"
"5068","I48","http://hl7.org/fhir/sid/icd-10","1068"
"5069","G43.9","http://hl7.org/fhir/sid/icd-10","1069"
"5070","G47.2","http://hl7.org/fhir/sid/icd-10","1070"
"5071","K35.1","http://hl7.org/fhir/sid/icd-10","1071"
"5072","I48","http://hl7.org/fhir/sid/icd-10","1072"
"5073","K35.1","http://hl7.org/fhir/sid/icd-10","1073"
"5074","K35.1","http://hl7.org/fhir/sid/icd-10","1074"
"5075","K70.3","http://hl7.org/fhir/sid/icd-10","1075"
"5076","I48","http://hl7.org/fhir/sid/icd-10","1076"
"5077","I48","http://hl7.org/fhir/sid/icd-10","1077"
"5078","K70.3","http://hl7.org/fhir/sid/icd-10","1078"
"5079","I48","http://hl7.org/fhir/sid/icd-10","1079"
"5080","K35.1","http://hl7.org/fhir/sid/icd-10","1080"
"5081","I48","http://hl7.org/fhir/sid/icd-10","1081"
"5082","I48","http://hl7.org/fhir/sid/icd-10","1082"
"5083","K35.1","http://hl7.org/fhir/sid/icd-10","1083"
"5084","I48","http://hl7.org/fhir/sid/icd-10","1084"
"5085","K70.3","http://hl7.org/fhir/sid/icd-10","1085"
"5086","I48","http://hl7.org/fhir/sid/icd-10","1086"
"5087","K70.3","http://hl7.org/fhir/sid/icd-10","1087"
"5088","G43.9","http://hl7.org/fhir/sid/icd-10","1088"
"5089","K35.1","http://hl7.org/fhir/sid/icd-10","1089"
"5090","G47.2","http://hl7.org/fhir/sid/icd-10","1090"
"5091","G47.2","http://hl7.org/fhir/sid/icd-10","1091"
"5092","K70.3","http://hl7.org/fhir/sid/icd-10","1092"
"5093","K70.3","http://hl7.org/fhir/sid/icd-10","1093"
"5094","G43.9","http://hl7.org/fhir/sid/icd-10","1094"
"5095","I48","http://hl7.org/fhir/sid/icd-10","1095"
"5096","K70.3","http://hl7.org/fhir/sid/icd-10","1096"
"5097","G43.9","http://hl7.org/fhir/sid/icd-10","1097"
"5098","I48","http://hl7.org/fhir/sid/icd-10","1098"
"5099","G43.9","http://hl7.org/fhir/sid/icd-10","1099"
"5100","F19.0","http://hl7.org/fhir/sid/icd-10","1100"
"5101","G47.2","http://hl7.org/fhir/sid/icd-10","1101"
"5102","I48","http://hl7.org/fhir/sid/icd-10","1102"
"5103","I48","http://hl7.org/fhir/sid/icd-10","1103"
"5104","I48","http://hl7.org/fhir/sid/icd-10","1104"
"5105","G47.2","http://hl7.org/fhir/sid/icd-10","1105"
"5106","I48","http://hl7.org/fhir/sid/icd-10","1106"
"5107","I48","http://hl7.org/fhir/sid/icd-10","1107"
"5108","F19.0","http://hl7.org/fhir/sid/icd-10","1108"
"5109","I48","http://hl7.org/fhir/sid/icd-10","1109"
"5110","I48","http://hl7.org/fhir/sid/icd-10","1110"
"5111","I48","http://hl7.org/fhir/sid/icd-10","1111"
"5112","K35.1","http://hl7.org/fhir/sid/icd-10","1112"
"5113","G43.9","http://hl7.org/fhir/sid/icd-10","1113"
"5114","K70.3","http://hl7.org/fhir/sid/icd-10","1114"
"5115","G47.2","http://hl7.org/fhir/sid/icd-10","1115"
"5116","G47.2","http://hl7.org/fhir/sid/icd-10","1116"
"5117","G47.2","http://hl7.org/fhir/sid/icd-10","1117"
"5118","I48","http://hl7.org/fhir/sid/icd-10","1118"
"5119","G47.2","http://hl7.org/fhir/sid/icd-10","1119"
"5120","I48","http://hl7.org/fhir/sid/icd-10","1120"
"5121","K70.3","http://hl7.org/fhir/sid/icd-10","1121"
"5122","K35.1","http://hl7.org/fhir/sid/icd-10","1122"
"5123","I48","http://hl7.org/fhir/sid/icd-10","1123"
"5124","F19.0","http://hl7.org/fhir/sid/icd-10","1124"
"5125","I48","http://hl7.org/fhir/sid/icd-10","1125"
"5126","G43.9","http://hl7.org/fhir/sid/icd-10","1126"
"5127","G43.9","http://hl7.org/fhir/sid/icd-10","1127"
"5128","I48","http://hl7.org/fhir/sid/icd-10","1128"
"5129","I48","http://hl7.org/fhir/sid/icd-10","1129"
"5130","K35.1","http://hl7.org/fhir/sid/icd-10","1130"
"5131","G47.2","http://hl7.org/fhir/sid/icd-10","1131"
"5132","I48","http://hl7.org/fhir/sid/icd-10","1132"
"5133","G47.2","http://hl7.org/fhir/sid/icd-10","1133"
"5134","I48","http://hl7.org/fhir/sid/icd-10","1134"
"5135","F19.0","http://hl7.org/fhir/sid/icd-10","1135"
"5136","I48","http://hl7.org/fhir/sid/icd-10","1136"
"5137","F19.0","http://hl7.org/fhir/sid/icd-10","1137"
"5138","I48","http://hl7.org/fhir/sid/icd-10","1138"
"5139","K70.3","http://hl7.org/fhir/sid/icd-10","1139"
"5140","I48","http://hl7.org/fhir/sid/icd-10","1140"
"5141","G43.9","http://hl7.org/fhir/sid/icd-10","1141"
"5142","F19.0","http://hl7.org/fhir/sid/icd-10","1142"
"5143","I48","http://hl7.org/fhir/sid/icd-10","1143"
"5144","G47.2","http://hl7.org/fhir/sid/icd-10","1144"
"5145","I48","http://hl7.org/fhir/sid/icd-10","1145"
"5146","G43.9","http://hl7.org/fhir/sid/icd-10","1146"
"5147","I48","http://hl7.org/fhir/sid/icd-10","1147"
"5148","F19.0","http://hl7.org/fhir/sid/icd-10","1148"
"5149","K35.1","http://hl7.org/fhir/sid/icd-10","1149"
"5150","I48","http://hl7.org/fhir/sid/icd-10","1150"
"5151","K35.1","http://hl7.org/fhir/sid/icd-10","1151"
"5152","I48","http://hl7.org/fhir/sid/icd-10","1152"
"5153","I48","http://hl7.org/fhir/sid/icd-10","1153"
"5154","K35.1","http://hl7.org/fhir/sid/icd-10","1154"
"5155","I48","http://hl7.org/fhir/sid/icd-10","1155"
"5156","I48","http://hl7.org/fhir/sid/icd-10","1156"
"5157","F19.0","http://hl7.org/fhir/sid/icd-10","1157"
"5158","G47.2","http://hl7.org/fhir/sid/icd-10","1158"
"5159","I48","http://hl7.org/fhir/sid/icd-10","1159"
"5160","F19.0","http://hl7.org/fhir/sid/icd-10","1160"
"5161","G47.2","http://hl7.org/fhir/sid/icd-10","1161"
"5162","G47.2","http://hl7.org/fhir/sid/icd-10","1162"
"5163","I48","http://hl7.org/fhir/sid/icd-10","1163"
"5164","I48","http://hl7.org/fhir/sid/icd-10","1164"
"5165","I48","http://hl7.org/fhir/sid/icd-10","1165"
"5166","I48","http://hl7.org/fhir/sid/icd-10","1166"
"5167","I48","http://hl7.org/fhir/sid/icd-10","1167"
"5168","I48","http://hl7.org/fhir/sid/icd-10","1168"
"5169","K70.3","http://hl7.org/fhir/sid/icd-10","1169"
"5170","I48","http://hl7.org/fhir/sid/icd-10","1170"
"5171","I48","http://hl7.org/fhir/sid/icd-10","1171"
"5172","I48","http://hl7.org/fhir/sid/icd-10","1172"
"5173","K35.1","http://hl7.org/fhir/sid/icd-10","1173"
"5174","I48","http://hl7.org/fhir/sid/icd-10","1174"
"5175","K70.3","http://hl7.org/fhir/sid/icd-10","1175"
"5176","G43.9","http://hl7.org/fhir/sid/icd-10","1176"
"5177","I48","http://hl7.org/fhir/sid/icd-10","1177"
"5178","K70.3","http://hl7.org/fhir/sid/icd-10","1178"
"5179","I48","http://hl7.org/fhir/sid/icd-10","1179"
"5180","K35.1","http://hl7.org/fhir/sid/icd-10","1180"
"5181","I48","http://hl7.org/fhir/sid/icd-10","1181"
"5182","G47.2","http://hl7.org/fhir/sid/icd-10","1182"
"5183","I48","http://hl7.org/fhir/sid/icd-10","1183"
"5184","K35.1","http://hl7.org/fhir/sid/icd-10","1184"
"5185","I48","http://hl7.org/fhir/sid/icd-10","1185"
"5186","I48","http://hl7.org/fhir/sid/icd-10","1186"
"5187","I48","http://hl7.org/fhir/sid/icd-10","1187"
"5188","I48","http://hl7.org/fhir/sid/icd-10","1188"
"5189","K70.3","http://hl7.org/fhir/sid/icd-10","1189"
"5190","G43.9","http://hl7.org/fhir/sid/icd-10","1190"
"5191","F19.0","http://hl7.org/fhir/sid/icd-10","1191"
"5192","I48","http://hl7.org/fhir/sid/icd-10","1192"
"5193","K70.3","http://hl7.org/fhir/sid/icd-10","1193"
"5194","I48","http://hl7.org/fhir/sid/icd-10","1194"
"5195","I48","http://hl7.org/fhir/sid/icd-10","1195"
"5196","I48","http://hl7.org/fhir/sid/icd-10","1196"
"5197","I48","http://hl7.org/fhir/sid/icd-10","1197"
"5198","I48","http://hl7.org/fhir/sid/icd-10","1198"
"5199","F19.0","http://hl7.org/fhir/sid/icd-10","1199"
"5200","I48","http://hl7.org/fhir/sid/icd-10","1200"
"5201","F19.0","http://hl7.org/fhir/sid/icd-10","1201"
"5202","I48","http://hl7.org/fhir/sid/icd-10","1202"
"5203","K70.3","http://hl7.org/fhir/sid/icd-10","1203"
"5204","F19.0","http://hl7.org/fhir/sid/icd-10","1204"
"5205","I48","http://hl7.org/fhir/sid/icd-10","1205"
"5206","G47.2","http://hl7.org/fhir/sid/icd-10","1206"
"5207","K70.3","http://hl7.org/fhir/sid/icd-10","1207"
"5208","G47.2","http://hl7.org/fhir/sid/icd-10","1208"
"5209","F19.0","http://hl7.org/fhir/sid/icd-10","1209"
"5210","I48","http://hl7.org/fhir/sid/icd-10","1210"
"5211","K70.3","http://hl7.org/fhir/sid/icd-10","1211"
"5212","F19.0","http://hl7.org/fhir/sid/icd-10","1212"
"5213","I48","http://hl7.org/fhir/sid/icd-10","1213"
"5214","G43.9","http://hl7.org/fhir/sid/icd-10","1214"
"5215","I48","http://hl7.org/fhir/sid/icd-10","1215"
"5216","K35.1","http://hl7.org/fhir/sid/icd-10","1216"
"5217","K35.1","http://hl7.org/fhir/sid/icd-10","1217"
"5218","F19.0","http://hl7.org/fhir/sid/icd-10","1218"
"5219","K70.3","http://hl7.org/fhir/sid/icd-10","1219"
"5220","I48","http://hl7.org/fhir/sid/icd-10","1220"
"5221","G47.2","http://hl7.org/fhir/sid/icd-10","1221"
"5222","I48","http://hl7.org/fhir/sid/icd-10","1222"
"5223","I48","http://hl7.org/fhir/sid/icd-10","1223"
"5224","I48","http://hl7.org/fhir/sid/icd-10","1224"
"5225","I48","http://hl7.org/fhir/sid/icd-10","1225"
"5226","F19.0","http://hl7.org/fhir/sid/icd-10","1226"
"5227","G43.9","http://hl7.org/fhir/sid/icd-10","1227"
"5228","K35.1","http://hl7.org/fhir/sid/icd-10","1228"
"5229","I48","http://hl7.org/fhir/sid/icd-10","1229"
"5230","I48","http://hl7.org/fhir/sid/icd-10","1230"
"5231","I48","http://hl7.org/fhir/sid/icd-10","1231"
"5232","G47.2","http://hl7.org/fhir/sid/icd-10","1232"
"5233","I48","http://hl7.org/fhir/sid/icd-10","1233"
"5234","G47.2","http://hl7.org/fhir/sid/icd-10","1234"
"5235","K70.3","http://hl7.org/fhir/sid/icd-10","1235"
"5236","I48","http://hl7.org/fhir/sid/icd-10","1236"
"5237","K35.1","http://hl7.org/fhir/sid/icd-10","1237"
"5238","I48","http://hl7.org/fhir/sid/icd-10","1238"
"5239","I48","http://hl7.org/fhir/sid/icd-10","1239"
"5240","G43.9","http://hl7.org/fhir/sid/icd-10","1240"
"5241","G43.9","http://hl7.org/fhir/sid/icd-10","1241"
"5242","I48","http://hl7.org/fhir/sid/icd-10","1242"
"5243","G47.2","http://hl7.org/fhir/sid/icd-10","1243"
"5244","I48","http://hl7.org/fhir/sid/icd-10","1244"
"5245","I48","http://hl7.org/fhir/sid/icd-10","1245"
"5246","I48","http://hl7.org/fhir/sid/icd-10","1246"
"5247","I48","http://hl7.org/fhir/sid/icd-10","1247"
"5248","K35.1","http://hl7.org/fhir/sid/icd-10","1248"
"5249","I48","http://hl7.org/fhir/sid/icd-10","1249"
"5250","I48","http://hl7.org/fhir/sid/icd-10","1250"
"5251","I48","http://hl7.org/fhir/sid/icd-10","1251"
"5252","G43.9","http://hl7.org/fhir/sid/icd-10","1252"
"5253","K70.3","http://hl7.org/fhir/sid/icd-10","1253"
"5254","I48","http://hl7.org/fhir/sid/icd-10","1254"
"5255","I48","http://hl7.org/fhir/sid/icd-10","1255"
"5256","G47.2","http://hl7.org/fhir/sid/icd-10","1256"
"5257","G47.2","http://hl7.org/fhir/sid/icd-10","1257"
"5258","G43.9","http://hl7.org/fhir/sid/icd-10","1258"
"5259","I48","http://hl7.org/fhir/sid/icd-10","1259"
"5260","F19.0","http://hl7.org/fhir/sid/icd-10","1260"
"5261","I48","http://hl7.org/fhir/sid/icd-10","1261"
"5262","I48","http://hl7.org/fhir/sid/icd-10","1262"
"5263","I48","http://hl7.org/fhir/sid/icd-10","1263"
"5264","I48","http://hl7.org/fhir/sid/icd-10","1264"
"5265","K35.1","http://hl7.org/fhir/sid/icd-10","1265"
"5266","G43.9","http://hl7.org/fhir/sid/icd-10","1266"
"5267","I48","http://hl7.org/fhir/sid/icd-10","1267"
"5268","G47.2","http://hl7.org/fhir/sid/icd-10","1268"
"5269","G43.9","http://hl7.org/fhir/sid/icd-10","1269"
"5270","I48","http://hl7.org/fhir/sid/icd-10","1270"
"5271","I48","http://hl7.org/fhir/sid/icd-10","1271"
"5272","I48","http://hl7.org/fhir/sid/icd-10","1272"
"5273","I48","http://hl7.org/fhir/sid/icd-10","1273"
"5274","K70.3","http://hl7.org/fhir/sid/icd-10","1274"
"5275","K70.3","http://hl7.org/fhir/sid/icd-10","1275"
"5276","K35.1","http://hl7.org/fhir/sid/icd-10","1276"
"5277","I48","http://hl7.org/fhir/sid/icd-10","1277"
"5278","I48","http://hl7.org/fhir/sid/icd-10","1278"
"5279","I48","http://hl7.org/fhir/sid/icd-10","1279"
"5280","G43.9","http://hl7.org/fhir/sid/icd-10","1280"
"5281","I48","http://hl7.org/fhir/sid/icd-10","1281"
"5282","K70.3","http://hl7.org/fhir/sid/icd-10","1282"
"5283","K70.3","http://hl7.org/fhir/sid/icd-10","1283"
"5284","G43.9","http://hl7.org/fhir/sid/icd-10","1284"
"5285","G47.2","http://hl7.org/fhir/sid/icd-10","1285"
"5286","I48","http://hl7.org/fhir/sid/icd-10","1286"
"5287","I48","http://hl7.org/fhir/sid/icd-10","1287"
"5288","G43.9","http://hl7.org/fhir/sid/icd-10","1288"
"5289","F19.0","http://hl7.org/fhir/sid/icd-10","1289"
"5290","G43.9","http://hl7.org/fhir/sid/icd-10","1290"
"5291","G47.2","http://hl7.org/fhir/sid/icd-10","1291"
"5292","G47.2","http://hl7.org/fhir/sid/icd-10","1292"
"5293","F19.0","http://hl7.org/fhir/sid/icd-10","1293"
"5294","K70.3","http://hl7.org/fhir/sid/icd-10","1294"
"5295","F19.0","http://hl7.org/fhir/sid/icd-10","1295"
"5296","G43.9","http://hl7.org/fhir/sid/icd-10","1296"
"5297","G43.9","http://hl7.org/fhir/sid/icd-10","1297"
"5298","I48","http://hl7.org/fhir/sid/icd-10","1298"
"5299","I48","http://hl7.org/fhir/sid/icd-10","1299"
"5300","I48","http://hl7.org/fhir/sid/icd-10","1300"
"5301","G47.2","http://hl7.org/fhir/sid/icd-10","1301"
"5302","F19.0","http://hl7.org/fhir/sid/icd-10","1302"
"5303","I48","http://hl7.org/fhir/sid/icd-10","1303"
"5304","I48","http://hl7.org/fhir/sid/icd-10","1304"
"5305","K70.3","http://hl7.org/fhir/sid/icd-10","1305"
"5306","K70.3","http://hl7.org/fhir/sid/icd-10","1306"
"5307","I48","http://hl7.org/fhir/sid/icd-10","1307"
"5308","I48","http://hl7.org/fhir/sid/icd-10","1308"
"5309","F19.0","http://hl7.org/fhir/sid/icd-10","1309"
"5310","G47.2","http://hl7.org/fhir/sid/icd-10","1310"
"5311","I48","http://hl7.org/fhir/sid/icd-10","1311"
"5312","G43.9","http://hl7.org/fhir/sid/icd-10","1312"
"5313","G47.2","http://hl7.org/fhir/sid/icd-10","1313"
"5314","G47.2","http://hl7.org/fhir/sid/icd-10","1314"
"5315","K35.1","http://hl7.org/fhir/sid/icd-10","1315"
"5316","K70.3","http://hl7.org/fhir/sid/icd-10","1316"
"5317","F19.0","http://hl7.org/fhir/sid/icd-10","1317"
"5318","G47.2","http://hl7.org/fhir/sid/icd-10","1318"
"5319","I48","http://hl7.org/fhir/sid/icd-10","1319"
"5320","I48","http://hl7.org/fhir/sid/icd-10","1320"
"5321","I48","http://hl7.org/fhir/sid/icd-10","1321"
"5322","I48","http://hl7.org/fhir/sid/icd-10","1322"
"5323","F19.0","http://hl7.org/fhir/sid/icd-10","1323"
"5324","K70.3","http://hl7.org/fhir/sid/icd-10","1324"
"5325","K35.1","http://hl7.org/fhir/sid/icd-10","1325"
"5326","F19.0","http://hl7.org/fhir/sid/icd-10","1326"
"5327","I48","http://hl7.org/fhir/sid/icd-10","1327"
"5328","I48","http://hl7.org/fhir/sid/icd-10","1328"
"5329","G43.9","http://hl7.org/fhir/sid/icd-10","1329"
"5330","K70.3","http://hl7.org/fhir/sid/icd-10","1330"
"5331","K70.3","http://hl7.org/fhir/sid/icd-10","1331"
"5332","I48","http://hl7.org/fhir/sid/icd-10","1332"
"5333","G43.9","http://hl7.org/fhir/sid/icd-10","1333"
"5334","F19.0","http://hl7.org/fhir/sid/icd-10","1334"
"5335","I48","http://hl7.org/fhir/sid/icd-10","1335"
"5336","I48","http://hl7.org/fhir/sid/icd-10","1336"
"5337","G43.9","http://hl7.org/fhir/sid/icd-10","1337"
"5338","I48","http://hl7.org/fhir/sid/icd-10","1338"
"5339","K35.1","http://hl7.org/fhir/sid/icd-10","1339"
"5340","I48","http://hl7.org/fhir/sid/icd-10","1340"
"5341","G43.9","http://hl7.org/fhir/sid/icd-10","1341"
"5342","I48","http://hl7.org/fhir/sid/icd-10","1342"
"5343","K70.3","http://hl7.org/fhir/sid/icd-10","1343"
"5344","G47.2","http://hl7.org/fhir/sid/icd-10","1344"
"5345","I48","http://hl7.org/fhir/sid/icd-10","1345"
"5346","G43.9","http://hl7.org/fhir/sid/icd-10","1346"
"5347","I48","http://hl7.org/fhir/sid/icd-10","1347"
"5348","I48","http://hl7.org/fhir/sid/icd-10","1348"
"5349","F19.0","http://hl7.org/fhir/sid/icd-10","1349"
"5350","G47.2","http://hl7.org/fhir/sid/icd-10","1350"
"5351","G43.9","http://hl7.org/fhir/sid/icd-10","1351"
"5352","G43.9","http://hl7.org/fhir/sid/icd-10","1352"
"5353","K35.1","http://hl7.org/fhir/sid/icd-10","1353"
"5354","K35.1","http://hl7.org/fhir/sid/icd-10","1354"
"5355","I48","http://hl7.org/fhir/sid/icd-10","1355"
"5356","K70.3","http://hl7.org/fhir/sid/icd-10","1356"
"5357","G43.9","http://hl7.org/fhir/sid/icd-10","1357"
"5358","G47.2","http://hl7.org/fhir/sid/icd-10","1358"
"5359","I48","http://hl7.org/fhir/sid/icd-10","1359"
"5360","F19.0","http://hl7.org/fhir/sid/icd-10","1360"
"5361","I48","http://hl7.org/fhir/sid/icd-10","1361"
"5362","F19.0","http://hl7.org/fhir/sid/icd-10","1362"
"5363","G43.9","http://hl7.org/fhir/sid/icd-10","1363"
"5364","K70.3","http://hl7.org/fhir/sid/icd-10","1364"
"5365","F19.0","http://hl7.org/fhir/sid/icd-10","1365"
"5366","F19.0","http://hl7.org/fhir/sid/icd-10","1366"
"5367","K35.1","http://hl7.org/fhir/sid/icd-10","1367"
"5368","K35.1","http://hl7.org/fhir/sid/icd-10","1368"
"5369","G47.2","http://hl7.org/fhir/sid/icd-10","1369"
"5370","I48","http://hl7.org/fhir/sid/icd-10","1370"
"5371","I48","http://hl7.org/fhir/sid/icd-10","1371"
"5372","G43.9","http://hl7.org/fhir/sid/icd-10","1372"
"5373","I48","http://hl7.org/fhir/sid/icd-10","1373"
"5374","I48","http://hl7.org/fhir/sid/icd-10","1374"
"5375","F19.0","http://hl7.org/fhir/sid/icd-10","1375"
"5376","I48","http://hl7.org/fhir/sid/icd-10","1376"
"5377","I48","http://hl7.org/fhir/sid/icd-10","1377"
"5378","G43.9","http://hl7.org/fhir/sid/icd-10","1378"
"5379","I48","http://hl7.org/fhir/sid/icd-10","1379"
"5380","I48","http://hl7.org/fhir/sid/icd-10","1380"
"5381","I48","http://hl7.org/fhir/sid/icd-10","1381"
"5382","K35.1","http://hl7.org/fhir/sid/icd-10","1382"
"5383","I48","http://hl7.org/fhir/sid/icd-10","1383"
"5384","I48","http://hl7.org/fhir/sid/icd-10","1384"
"5385","I48","http://hl7.org/fhir/sid/icd-10","1385"
"5386","I48","http://hl7.org/fhir/sid/icd-10","1386"
"5387","I48","http://hl7.org/fhir/sid/icd-10","1387"
"5388","I48","http://hl7.org/fhir/sid/icd-10","1388"
"5389","G43.9","http://hl7.org/fhir/sid/icd-10","1389"
"5390","K70.3","http://hl7.org/fhir/sid/icd-10","1390"
"5391","G47.2","http://hl7.org/fhir/sid/icd-10","1391"
"5392","G47.2","http://hl7.org/fhir/sid/icd-10","1392"
"5393","K35.1","http://hl7.org/fhir/sid/icd-10","1393"
"5394","G47.2","http://hl7.org/fhir/sid/icd-10","1394"
"5395","K70.3","http://hl7.org/fhir/sid/icd-10","1395"
"5396","I48","http://hl7.org/fhir/sid/icd-10","1396"
"5397","I48","http://hl7.org/fhir/sid/icd-10","1397"
"5398","G43.9","http://hl7.org/fhir/sid/icd-10","1398"
"5399","I48","http://hl7.org/fhir/sid/icd-10","1399"
"5400","K70.3","http://hl7.org/fhir/sid/icd-10","1400"
"5401","G47.2","http://hl7.org/fhir/sid/icd-10","1401"
"5402","G43.9","http://hl7.org/fhir/sid/icd-10","1402"
"5403","I48","http://hl7.org/fhir/sid/icd-10","1403"
"5404","K35.1","http://hl7.org/fhir/sid/icd-10","1404"
"5405","G43.9","http://hl7.org/fhir/sid/icd-10","1405"
"5406","G47.2","http://hl7.org/fhir/sid/icd-10","1406"
"5407","I48","http://hl7.org/fhir/sid/icd-10","1407"
"5408","I48","http://hl7.org/fhir/sid/icd-10","1408"
"5409","I48","http://hl7.org/fhir/sid/icd-10","1409"
"5410","I48","http://hl7.org/fhir/sid/icd-10","1410"
"5411","I48","http://hl7.org/fhir/sid/icd-10","1411"
"5412","G43.9","http://hl7.org/fhir/sid/icd-10","1412"
"5413","I48","http://hl7.org/fhir/sid/icd-10","1413"
"5414","G43.9","http://hl7.org/fhir/sid/icd-10","1414"
"5415","G43.9","http://hl7.org/fhir/sid/icd-10","1415"
"5416","I48","http://hl7.org/fhir/sid/icd-10","1416"
"5417","K70.3","http://hl7.org/fhir/sid/icd-10","1417"
"5418","G43.9","http://hl7.org/fhir/sid/icd-10","1418"
"5419","I48","http://hl7.org/fhir/sid/icd-10","1419"
"5420","F19.0","http://hl7.org/fhir/sid/icd-10","1420"
"5421","I48","http://hl7.org/fhir/sid/icd-10","1421"
"5422","I48","http://hl7.org/fhir/sid/icd-10","1422"
"5423","K35.1","http://hl7.org/fhir/sid/icd-10","1423"
"5424","I48","http://hl7.org/fhir/sid/icd-10","1424"
"5425","I48","http://hl7.org/fhir/sid/icd-10","1425"
"5426","G43.9","http://hl7.org/fhir/sid/icd-10","1426"
"5427","K35.1","http://hl7.org/fhir/sid/icd-10","1427"
"5428","I48","http://hl7.org/fhir/sid/icd-10","1428"
"5429","G47.2","http://hl7.org/fhir/sid/icd-10","1429"
"5430","I48","http://hl7.org/fhir/sid/icd-10","1430"
"5431","G47.2","http://hl7.org/fhir/sid/icd-10","1431"
"5432","K35.1","http://hl7.org/fhir/sid/icd-10","1432"
"5433","I48","http://hl7.org/fhir/sid/icd-10","1433"
"5434","I48","http://hl7.org/fhir/sid/icd-10","1434"
"5435","K35.1","http://hl7.org/fhir/sid/icd-10","1435"
"5436","K35.1","http://hl7.org/fhir/sid/icd-10","1436"
"5437","K35.1","http://hl7.org/fhir/sid/icd-10","1437"
"5438","I48","http://hl7.org/fhir/sid/icd-10","1438"
"5439","I48","http://hl7.org/fhir/sid/icd-10","1439"
"5440","I48","http://hl7.org/fhir/sid/icd-10","1440"
"5441","I48","http://hl7.org/fhir/sid/icd-10","1441"
"5442","G43.9","http://hl7.org/fhir/sid/icd-10","1442"
"5443","I48","http://hl7.org/fhir/sid/icd-10","1443"
"5444","I48","http://hl7.org/fhir/sid/icd-10","1444"
"5445","I48","http://hl7.org/fhir/sid/icd-10","1445"
"5446","I48","http://hl7.org/fhir/sid/icd-10","1446"
"5447","K35.1","http://hl7.org/fhir/sid/icd-10","1447"
"5448","K70.3","http://hl7.org/fhir/sid/icd-10","1448"
"5449","G47.2","http://hl7.org/fhir/sid/icd-10","1449"
"5450","F19.0","http://hl7.org/fhir/sid/icd-10","1450"
"5451","I48","http://hl7.org/fhir/sid/icd-10","1451"
"5452","G43.9","http://hl7.org/fhir/sid/icd-10","1452"
"5453","K70.3","http://hl7.org/fhir/sid/icd-10","1453"
"5454","K70.3","http://hl7.org/fhir/sid/icd-10","1454"
"5455","F19.0","http://hl7.org/fhir/sid/icd-10","1455"
"5456","I48","http://hl7.org/fhir/sid/icd-10","1456"
"5457","I48","http://hl7.org/fhir/sid/icd-10","1457"
"5458","F19.0","http://hl7.org/fhir/sid/icd-10","1458"
"5459","K70.3","http://hl7.org/fhir/sid/icd-10","1459"
"5460","I48","http://hl7.org/fhir/sid/icd-10","1460"
"5461","I48","http://hl7.org/fhir/sid/icd-10","1461"
"5462","K35.1","http://hl7.org/fhir/sid/icd-10","1462"
"5463","K35.1","http://hl7.org/fhir/sid/icd-10","1463"
"5464","G47.2","http://hl7.org/fhir/sid/icd-10","1464"
"5465","I48","http://hl7.org/fhir/sid/icd-10","1465"
"5466","G47.2","http://hl7.org/fhir/sid/icd-10","1466"
"5467","I48","http://hl7.org/fhir/sid/icd-10","1467"
"5468","I48","http://hl7.org/fhir/sid/icd-10","1468"
"5469","G47.2","http://hl7.org/fhir/sid/icd-10","1469"
"5470","I48","http://hl7.org/fhir/sid/icd-10","1470"
"5471","G47.2","http://hl7.org/fhir/sid/icd-10","1471"
"5472","G47.2","http://hl7.org/fhir/sid/icd-10","1472"
"5473","I48","http://hl7.org/fhir/sid/icd-10","1473"
"5474","I48","http://hl7.org/fhir/sid/icd-10","1474"
"5475","I48","http://hl7.org/fhir/sid/icd-10","1475"
"5476","I48","http://hl7.org/fhir/sid/icd-10","1476"
"5477","I48","http://hl7.org/fhir/sid/icd-10","1477"
"5478","K70.3","http://hl7.org/fhir/sid/icd-10","1478"
"5479","I48","http://hl7.org/fhir/sid/icd-10","1479"
"5480","I48","http://hl7.org/fhir/sid/icd-10","1480"
"5481","F19.0","http://hl7.org/fhir/sid/icd-10","1481"
"5482","G47.2","http://hl7.org/fhir/sid/icd-10","1482"
"5483","K70.3","http://hl7.org/fhir/sid/icd-10","1483"
"5484","K70.3","http://hl7.org/fhir/sid/icd-10","1484"
"5485","I48","http://hl7.org/fhir/sid/icd-10","1485"
"5486","I48","http://hl7.org/fhir/sid/icd-10","1486"
"5487","I48","http://hl7.org/fhir/sid/icd-10","1487"
"5488","K70.3","http://hl7.org/fhir/sid/icd-10","1488"
"5489","I48","http://hl7.org/fhir/sid/icd-10","1489"
"5490","G43.9","http://hl7.org/fhir/sid/icd-10","1490"
"5491","G47.2","http://hl7.org/fhir/sid/icd-10","1491"
"5492","I48","http://hl7.org/fhir/sid/icd-10","1492"
"5493","K70.3","http://hl7.org/fhir/sid/icd-10","1493"
"5494","K70.3","http://hl7.org/fhir/sid/icd-10","1494"
"5495","F19.0","http://hl7.org/fhir/sid/icd-10","1495"
"5496","K35.1","http://hl7.org/fhir/sid/icd-10","1496"
"5497","I48","http://hl7.org/fhir/sid/icd-10","1497"
"5498","K70.3","http://hl7.org/fhir/sid/icd-10","1498"
"5499","F19.0","http://hl7.org/fhir/sid/icd-10","1499"
"5500","G47.2","http://hl7.org/fhir/sid/icd-10","1500"
"5501","K35.1","http://hl7.org/fhir/sid/icd-10","1501"
"5502","I48","http://hl7.org/fhir/sid/icd-10","1502"
"5503","F19.0","http://hl7.org/fhir/sid/icd-10","1503"
"5504","F19.0","http://hl7.org/fhir/sid/icd-10","1504"
"5505","I48","http://hl7.org/fhir/sid/icd-10","1505"
"5506","I48","http://hl7.org/fhir/sid/icd-10","1506"
"5507","I48","http://hl7.org/fhir/sid/icd-10","1507"
"5508","I48","http://hl7.org/fhir/sid/icd-10","1508"
"5509","I48","http://hl7.org/fhir/sid/icd-10","1509"
"5510","G43.9","http://hl7.org/fhir/sid/icd-10","1510"
"5511","I48","http://hl7.org/fhir/sid/icd-10","1511"
"5512","I48","http://hl7.org/fhir/sid/icd-10","1512"
"5513","G47.2","http://hl7.org/fhir/sid/icd-10","1513"
"5514","I48","http://hl7.org/fhir/sid/icd-10","1514"
"5515","G47.2","http://hl7.org/fhir/sid/icd-10","1515"
"5516","K70.3","http://hl7.org/fhir/sid/icd-10","1516"
"5517","G43.9","http://hl7.org/fhir/sid/icd-10","1517"
"5518","I48","http://hl7.org/fhir/sid/icd-10","1518"
"5519","K70.3","http://hl7.org/fhir/sid/icd-10","1519"
"5520","I48","http://hl7.org/fhir/sid/icd-10","1520"
"5521","I48","http://hl7.org/fhir/sid/icd-10","1521"
"5522","I48","http://hl7.org/fhir/sid/icd-10","1522"
"5523","F19.0","http://hl7.org/fhir/sid/icd-10","1523"
"5524","K35.1","http://hl7.org/fhir/sid/icd-10","1524"
"5525","K35.1","http://hl7.org/fhir/sid/icd-10","1525"
"5526","G47.2","http://hl7.org/fhir/sid/icd-10","1526"
"5527","I48","http://hl7.org/fhir/sid/icd-10","1527"
"5528","K35.1","http://hl7.org/fhir/sid/icd-10","1528"
"5529","K35.1","http://hl7.org/fhir/sid/icd-10","1529"
"5530","F19.0","http://hl7.org/fhir/sid/icd-10","1530"
"5531","G43.9","http://hl7.org/fhir/sid/icd-10","1531"
"5532","I48","http://hl7.org/fhir/sid/icd-10","1532"
"5533","I48","http://hl7.org/fhir/sid/icd-10","1533"
"5534","I48","http://hl7.org/fhir/sid/icd-10","1534"
"5535","I48","http://hl7.org/fhir/sid/icd-10","1535"
"5536","K35.1","http://hl7.org/fhir/sid/icd-10","1536"
"5537","I48","http://hl7.org/fhir/sid/icd-10","1537"
"5538","I48","http://hl7.org/fhir/sid/icd-10","1538"
"5539","K70.3","http://hl7.org/fhir/sid/icd-10","1539"
"5540","K35.1","http://hl7.org/fhir/sid/icd-10","1540"
"5541","K35.1","http://hl7.org/fhir/sid/icd-10","1541"
"5542","I48","http://hl7.org/fhir/sid/icd-10","1542"
"5543","I48","http://hl7.org/fhir/sid/icd-10","1543"
"5544","G47.2","http://hl7.org/fhir/sid/icd-10","1544"
"5545","G47.2","http://hl7.org/fhir/sid/icd-10","1545"
"5546","G43.9","http://hl7.org/fhir/sid/icd-10","1546"
"5547","I48","http://hl7.org/fhir/sid/icd-10","1547"
"5548","I48","http://hl7.org/fhir/sid/icd-10","1548"
"5549","K35.1","http://hl7.org/fhir/sid/icd-10","1549"
"5550","K70.3","http://hl7.org/fhir/sid/icd-10","1550"
"5551","I48","http://hl7.org/fhir/sid/icd-10","1551"
"5552","I48","http://hl7.org/fhir/sid/icd-10","1552"
"5553","I48","http://hl7.org/fhir/sid/icd-10","1553"
"5554","F19.0","http://hl7.org/fhir/sid/icd-10","1554"
"5555","F19.0","http://hl7.org/fhir/sid/icd-10","1555"
"5556","I48","http://hl7.org/fhir/sid/icd-10","1556"
"5557","I48","http://hl7.org/fhir/sid/icd-10","1557"
"5558","I48","http://hl7.org/fhir/sid/icd-10","1558"
"5559","K35.1","http://hl7.org/fhir/sid/icd-10","1559"
"5560","I48","http://hl7.org/fhir/sid/icd-10","1560"
"5561","K70.3","http://hl7.org/fhir/sid/icd-10","1561"
"5562","G47.2","http://hl7.org/fhir/sid/icd-10","1562"
"5563","I48","http://hl7.org/fhir/sid/icd-10","1563"
"5564","I48","http://hl7.org/fhir/sid/icd-10","1564"
"5565","K35.1","http://hl7.org/fhir/sid/icd-10","1565"
"5566","F19.0","http://hl7.org/fhir/sid/icd-10","1566"
"5567","G47.2","http://hl7.org/fhir/sid/icd-10","1567"
"5568","I48","http://hl7.org/fhir/sid/icd-10","1568"
"5569","K35.1","http://hl7.org/fhir/sid/icd-10","1569"
"5570","I48","http://hl7.org/fhir/sid/icd-10","1570"
"5571","I48","http://hl7.org/fhir/sid/icd-10","1571"
"5572","I48","http://hl7.org/fhir/sid/icd-10","1572"
"5573","I48","http://hl7.org/fhir/sid/icd-10","1573"
"5574","I48","http://hl7.org/fhir/sid/icd-10","1574"
"5575","K70.3","http://hl7.org/fhir/sid/icd-10","1575"
"5576","I48","http://hl7.org/fhir/sid/icd-10","1576"
"5577","I48","http://hl7.org/fhir/sid/icd-10","1577"
"5578","I48","http://hl7.org/fhir/sid/icd-10","1578"
"5579","K70.3","http://hl7.org/fhir/sid/icd-10","1579"
"5580","I48","http://hl7.org/fhir/sid/icd-10","1580"
"5581","K35.1","http://hl7.org/fhir/sid/icd-10","1581"
"5582","G43.9","http://hl7.org/fhir/sid/icd-10","1582"
"5583","I48","http://hl7.org/fhir/sid/icd-10","1583"
"5584","I48","http://hl7.org/fhir/sid/icd-10","1584"
"5585","F19.0","http://hl7.org/fhir/sid/icd-10","1585"
"5586","I48","http://hl7.org/fhir/sid/icd-10","1586"
"5587","I48","http://hl7.org/fhir/sid/icd-10","1587"
"5588","I48","http://hl7.org/fhir/sid/icd-10","1588"
"5589","I48","http://hl7.org/fhir/sid/icd-10","1589"
"5590","G47.2","http://hl7.org/fhir/sid/icd-10","1590"
"5591","K35.1","http://hl7.org/fhir/sid/icd-10","1591"
"5592","I48","http://hl7.org/fhir/sid/icd-10","1592"
"5593","G43.9","http://hl7.org/fhir/sid/icd-10","1593"
"5594","G47.2","http://hl7.org/fhir/sid/icd-10","1594"
"5595","G43.9","http://hl7.org/fhir/sid/icd-10","1595"
"5596","G47.2","http://hl7.org/fhir/sid/icd-10","1596"
"5597","I48","http://hl7.org/fhir/sid/icd-10","1597"
"5598","I48","http://hl7.org/fhir/sid/icd-10","1598"
"5599","K70.3","http://hl7.org/fhir/sid/icd-10","1599"
"5600","G43.9","http://hl7.org/fhir/sid/icd-10","1600"
"5601","K35.1","http://hl7.org/fhir/sid/icd-10","1601"
"5602","G47.2","http://hl7.org/fhir/sid/icd-10","1602"
"5603","I48","http://hl7.org/fhir/sid/icd-10","1603"
"5604","F19.0","http://hl7.org/fhir/sid/icd-10","1604"
"5605","I48","http://hl7.org/fhir/sid/icd-10","1605"
"5606","K70.3","http://hl7.org/fhir/sid/icd-10","1606"
"5607","G47.2","http://hl7.org/fhir/sid/icd-10","1607"
"5608","K35.1","http://hl7.org/fhir/sid/icd-10","1608"
"5609","I48","http://hl7.org/fhir/sid/icd-10","1609"
"5610","G43.9","http://hl7.org/fhir/sid/icd-10","1610"
"5611","I48","http://hl7.org/fhir/sid/icd-10","1611"
"5612","I48","http://hl7.org/fhir/sid/icd-10","1612"
"5613","I48","http://hl7.org/fhir/sid/icd-10","1613"
"5614","F19.0","http://hl7.org/fhir/sid/icd-10","1614"
"5615","I48","http://hl7.org/fhir/sid/icd-10","1615"
"5616","G47.2","http://hl7.org/fhir/sid/icd-10","1616"
"5617","K35.1","http://hl7.org/fhir/sid/icd-10","1617"
"5618","I48","http://hl7.org/fhir/sid/icd-10","1618"
"5619","K70.3","http://hl7.org/fhir/sid/icd-10","1619"
"5620","I48","http://hl7.org/fhir/sid/icd-10","1620"
"5621","G47.2","http://hl7.org/fhir/sid/icd-10","1621"
"5622","K35.1","http://hl7.org/fhir/sid/icd-10","1622"
"5623","K35.1","http://hl7.org/fhir/sid/icd-10","1623"
"5624","G43.9","http://hl7.org/fhir/sid/icd-10","1624"
"5625","G43.9","http://hl7.org/fhir/sid/icd-10","1625"
"5626","K70.3","http://hl7.org/fhir/sid/icd-10","1626"
"5627","G43.9","http://hl7.org/fhir/sid/icd-10","1627"
"5628","K70.3","http://hl7.org/fhir/sid/icd-10","1628"
"5629","I48","http://hl7.org/fhir/sid/icd-10","1629"
"5630","I48","http://hl7.org/fhir/sid/icd-10","1630"
"5631","I48","http://hl7.org/fhir/sid/icd-10","1631"
"5632","I48","http://hl7.org/fhir/sid/icd-10","1632"
"5633","I48","http://hl7.org/fhir/sid/icd-10","1633"
"5634","K70.3","http://hl7.org/fhir/sid/icd-10","1634"
"5635","F19.0","http://hl7.org/fhir/sid/icd-10","1635"
"5636","I48","http://hl7.org/fhir/sid/icd-10","1636"
"5637","K70.3","http://hl7.org/fhir/sid/icd-10","1637"
"5638","F19.0","http://hl7.org/fhir/sid/icd-10","1638"
"5639","F19.0","http://hl7.org/fhir/sid/icd-10","1639"
"5640","G43.9","http://hl7.org/fhir/sid/icd-10","1640"
"5641","I48","http://hl7.org/fhir/sid/icd-10","1641"
"5642","I48","http://hl7.org/fhir/sid/icd-10","1642"
"5643","F19.0","http://hl7.org/fhir/sid/icd-10","1643"
"5644","K70.3","http://hl7.org/fhir/sid/icd-10","1644"
"5645","K35.1","http://hl7.org/fhir/sid/icd-10","1645"
"5646","I48","http://hl7.org/fhir/sid/icd-10","1646"
"5647","I48","http://hl7.org/fhir/sid/icd-10","1647"
"5648","G43.9","http://hl7.org/fhir/sid/icd-10","1648"
"5649","I48","http://hl7.org/fhir/sid/icd-10","1649"
"5650","K35.1","http://hl7.org/fhir/sid/icd-10","1650"
"5651","F19.0","http://hl7.org/fhir/sid/icd-10","1651"
"5652","F19.0","http://hl7.org/fhir/sid/icd-10","1652"
"5653","I48","http://hl7.org/fhir/sid/icd-10","1653"
"5654","F19.0","http://hl7.org/fhir/sid/icd-10","1654"
"5655","K70.3","http://hl7.org/fhir/sid/icd-10","1655"
"5656","I48","http://hl7.org/fhir/sid/icd-10","1656"
"5657","I48","http://hl7.org/fhir/sid/icd-10","1657"
"5658","K70.3","http://hl7.org/fhir/sid/icd-10","1658"
"5659","I48","http://hl7.org/fhir/sid/icd-10","1659"
"5660","I48","http://hl7.org/fhir/sid/icd-10","1660"
"5661","K70.3","http://hl7.org/fhir/sid/icd-10","1661"
"5662","K70.3","http://hl7.org/fhir/sid/icd-10","1662"
"5663","I48","http://hl7.org/fhir/sid/icd-10","1663"
"5664","I48","http://hl7.org/fhir/sid/icd-10","1664"
"5665","G47.2","http://hl7.org/fhir/sid/icd-10","1665"
"5666","G43.9","http://hl7.org/fhir/sid/icd-10","1666"
"5667","G43.9","http://hl7.org/fhir/sid/icd-10","1667"
"5668","I48","http://hl7.org/fhir/sid/icd-10","1668"
"5669","G47.2","http://hl7.org/fhir/sid/icd-10","1669"
"5670","K35.1","http://hl7.org/fhir/sid/icd-10","1670"
"5671","K70.3","http://hl7.org/fhir/sid/icd-10","1671"
"5672","I48","http://hl7.org/fhir/sid/icd-10","1672"
"5673","I48","http://hl7.org/fhir/sid/icd-10","1673"
"5674","K35.1","http://hl7.org/fhir/sid/icd-10","1674"
"5675","I48","http://hl7.org/fhir/sid/icd-10","1675"
"5676","K70.3","http://hl7.org/fhir/sid/icd-10","1676"
"5677","I48","http://hl7.org/fhir/sid/icd-10","1677"
"5678","I48","http://hl7.org/fhir/sid/icd-10","1678"
"5679","I48","http://hl7.org/fhir/sid/icd-10","1679"
"5680","K70.3","http://hl7.org/fhir/sid/icd-10","1680"
"5681","I48","http://hl7.org/fhir/sid/icd-10","1681"
"5682","I48","http://hl7.org/fhir/sid/icd-10","1682"
"5683","F19.0","http://hl7.org/fhir/sid/icd-10","1683"
"5684","I48","http://hl7.org/fhir/sid/icd-10","1684"
"5685","I48","http://hl7.org/fhir/sid/icd-10","1685"
"5686","G43.9","http://hl7.org/fhir/sid/icd-10","1686"
"5687","I48","http://hl7.org/fhir/sid/icd-10","1687"
"5688","I48","http://hl7.org/fhir/sid/icd-10","1688"
"5689","F19.0","http://hl7.org/fhir/sid/icd-10","1689"
"5690","I48","http://hl7.org/fhir/sid/icd-10","1690"
"5691","G43.9","http://hl7.org/fhir/sid/icd-10","1691"
"5692","I48","http://hl7.org/fhir/sid/icd-10","1692"
"5693","I48","http://hl7.org/fhir/sid/icd-10","1693"
"5694","I48","http://hl7.org/fhir/sid/icd-10","1694"
"5695","I48","http://hl7.org/fhir/sid/icd-10","1695"
"5696","I48","http://hl7.org/fhir/sid/icd-10","1696"
"5697","F19.0","http://hl7.org/fhir/sid/icd-10","1697"
"5698","G43.9","http://hl7.org/fhir/sid/icd-10","1698"
"5699","G43.9","http://hl7.org/fhir/sid/icd-10","1699"
"5700","I48","http://hl7.org/fhir/sid/icd-10","1700"
"5701","G43.9","http://hl7.org/fhir/sid/icd-10","1701"
"5702","K35.1","http://hl7.org/fhir/sid/icd-10","1702"
"5703","G47.2","http://hl7.org/fhir/sid/icd-10","1703"
"5704","K35.1","http://hl7.org/fhir/sid/icd-10","1704"
"5705","K35.1","http://hl7.org/fhir/sid/icd-10","1705"
"5706","I48","http://hl7.org/fhir/sid/icd-10","1706"
"5707","G43.9","http://hl7.org/fhir/sid/icd-10","1707"
"5708","K35.1","http://hl7.org/fhir/sid/icd-10","1708"
"5709","G43.9","http://hl7.org/fhir/sid/icd-10","1709"
"5710","I48","http://hl7.org/fhir/sid/icd-10","1710"
"5711","I48","http://hl7.org/fhir/sid/icd-10","1711"
"5712","I48","http://hl7.org/fhir/sid/icd-10","1712"
"5713","G43.9","http://hl7.org/fhir/sid/icd-10","1713"
"5714","I48","http://hl7.org/fhir/sid/icd-10","1714"
"5715","I48","http://hl7.org/fhir/sid/icd-10","1715"
"5716","K35.1","http://hl7.org/fhir/sid/icd-10","1716"
"5717","I48","http://hl7.org/fhir/sid/icd-10","1717"
"5718","I48","http://hl7.org/fhir/sid/icd-10","1718"
"5719","I48","http://hl7.org/fhir/sid/icd-10","1719"
"5720","K35.1","http://hl7.org/fhir/sid/icd-10","1720"
"5721","G43.9","http://hl7.org/fhir/sid/icd-10","1721"
"5722","F19.0","http://hl7.org/fhir/sid/icd-10","1722"
"5723","I48","http://hl7.org/fhir/sid/icd-10","1723"
"5724","I48","http://hl7.org/fhir/sid/icd-10","1724"
"5725","I48","http://hl7.org/fhir/sid/icd-10","1725"
"5726","I48","http://hl7.org/fhir/sid/icd-10","1726"
"5727","G43.9","http://hl7.org/fhir/sid/icd-10","1727"
"5728","K35.1","http://hl7.org/fhir/sid/icd-10","1728"
"5729","F19.0","http://hl7.org/fhir/sid/icd-10","1729"
"5730","I48","http://hl7.org/fhir/sid/icd-10","1730"
"5731","I48","http://hl7.org/fhir/sid/icd-10","1731"
"5732","G47.2","http://hl7.org/fhir/sid/icd-10","1732"
"5733","F19.0","http://hl7.org/fhir/sid/icd-10","1733"
"5734","G43.9","http://hl7.org/fhir/sid/icd-10","1734"
"5735","G47.2","http://hl7.org/fhir/sid/icd-10","1735"
"5736","I48","http://hl7.org/fhir/sid/icd-10","1736"
"5737","F19.0","http://hl7.org/fhir/sid/icd-10","1737"
"5738","G43.9","http://hl7.org/fhir/sid/icd-10","1738"
"5739","I48","http://hl7.org/fhir/sid/icd-10","1739"
"5740","G47.2","http://hl7.org/fhir/sid/icd-10","1740"
"5741","I48","http://hl7.org/fhir/sid/icd-10","1741"
"5742","G47.2","http://hl7.org/fhir/sid/icd-10","1742"
"5743","G47.2","http://hl7.org/fhir/sid/icd-10","1743"
"5744","G47.2","http://hl7.org/fhir/sid/icd-10","1744"
"5745","G43.9","http://hl7.org/fhir/sid/icd-10","1745"
"5746","I48","http://hl7.org/fhir/sid/icd-10","1746"
"5747","I48","http://hl7.org/fhir/sid/icd-10","1747"
"5748","K70.3","http://hl7.org/fhir/sid/icd-10","1748"
"5749","G43.9","http://hl7.org/fhir/sid/icd-10","1749"
"5750","K70.3","http://hl7.org/fhir/sid/icd-10","1750"
"5751","G47.2","http://hl7.org/fhir/sid/icd-10","1751"
"5752","I48","http://hl7.org/fhir/sid/icd-10","1752"
"5753","F19.0","http://hl7.org/fhir/sid/icd-10","1753"
"5754","K70.3","http://hl7.org/fhir/sid/icd-10","1754"
"5755","G47.2","http://hl7.org/fhir/sid/icd-10","1755"
"5756","I48","http://hl7.org/fhir/sid/icd-10","1756"
"5757","K35.1","http://hl7.org/fhir/sid/icd-10","1757"
"5758","I48","http://hl7.org/fhir/sid/icd-10","1758"
"5759","G43.9","http://hl7.org/fhir/sid/icd-10","1759"
"5760","G47.2","http://hl7.org/fhir/sid/icd-10","1760"
"5761","G43.9","http://hl7.org/fhir/sid/icd-10","1761"
"5762","G47.2","http://hl7.org/fhir/sid/icd-10","1762"
"5763","K35.1","http://hl7.org/fhir/sid/icd-10","1763"
"5764","K35.1","http://hl7.org/fhir/sid/icd-10","1764"
"5765","F19.0","http://hl7.org/fhir/sid/icd-10","1765"
"5766","G43.9","http://hl7.org/fhir/sid/icd-10","1766"
"5767","I48","http://hl7.org/fhir/sid/icd-10","1767"
"5768","G43.9","http://hl7.org/fhir/sid/icd-10","1768"
"5769","F19.0","http://hl7.org/fhir/sid/icd-10","1769"
"5770","I48","http://hl7.org/fhir/sid/icd-10","1770"
"5771","K35.1","http://hl7.org/fhir/sid/icd-10","1771"
"5772","K70.3","http://hl7.org/fhir/sid/icd-10","1772"
"5773","K35.1","http://hl7.org/fhir/sid/icd-10","1773"
"5774","I48","http://hl7.org/fhir/sid/icd-10","1774"
"5775","K35.1","http://hl7.org/fhir/sid/icd-10","1775"
"5776","K70.3","http://hl7.org/fhir/sid/icd-10","1776"
"5777","I48","http://hl7.org/fhir/sid/icd-10","1777"
"5778","K35.1","http://hl7.org/fhir/sid/icd-10","1778"
"5779","I48","http://hl7.org/fhir/sid/icd-10","1779"
"5780","G47.2","http://hl7.org/fhir/sid/icd-10","1780"
"5781","I48","http://hl7.org/fhir/sid/icd-10","1781"
"5782","I48","http://hl7.org/fhir/sid/icd-10","1782"
"5783","F19.0","http://hl7.org/fhir/sid/icd-10","1783"
"5784","K70.3","http://hl7.org/fhir/sid/icd-10","1784"
"5785","G47.2","http://hl7.org/fhir/sid/icd-10","1785"
"5786","K70.3","http://hl7.org/fhir/sid/icd-10","1786"
"5787","I48","http://hl7.org/fhir/sid/icd-10","1787"
"5788","F19.0","http://hl7.org/fhir/sid/icd-10","1788"
"5789","K70.3","http://hl7.org/fhir/sid/icd-10","1789"
"5790","G43.9","http://hl7.org/fhir/sid/icd-10","1790"
"5791","I48","http://hl7.org/fhir/sid/icd-10","1791"
"5792","K35.1","http://hl7.org/fhir/sid/icd-10","1792"
"5793","G47.2","http://hl7.org/fhir/sid/icd-10","1793"
"5794","K35.1","http://hl7.org/fhir/sid/icd-10","1794"
"5795","I48","http://hl7.org/fhir/sid/icd-10","1795"
"5796","I48","http://hl7.org/fhir/sid/icd-10","1796"
"5797","I48","http://hl7.org/fhir/sid/icd-10","1797"
"5798","I48","http://hl7.org/fhir/sid/icd-10","1798"
"5799","F19.0","http://hl7.org/fhir/sid/icd-10","1799"
"5800","F19.0","http://hl7.org/fhir/sid/icd-10","1800"
"5801","K35.1","http://hl7.org/fhir/sid/icd-10","1801"
"5802","I48","http://hl7.org/fhir/sid/icd-10","1802"
"5803","I48","http://hl7.org/fhir/sid/icd-10","1803"
"5804","I48","http://hl7.org/fhir/sid/icd-10","1804"
"5805","I48","http://hl7.org/fhir/sid/icd-10","1805"
"5806","G43.9","http://hl7.org/fhir/sid/icd-10","1806"
"5807","K70.3","http://hl7.org/fhir/sid/icd-10","1807"
"5808","K70.3","http://hl7.org/fhir/sid/icd-10","1808"
"5809","I48","http://hl7.org/fhir/sid/icd-10","1809"
"5810","K70.3","http://hl7.org/fhir/sid/icd-10","1810"
"5811","I48","http://hl7.org/fhir/sid/icd-10","1811"
"5812","I48","http://hl7.org/fhir/sid/icd-10","1812"
"5813","K70.3","http://hl7.org/fhir/sid/icd-10","1813"
"5814","G43.9","http://hl7.org/fhir/sid/icd-10","1814"
"5815","I48","http://hl7.org/fhir/sid/icd-10","1815"
"5816","I48","http://hl7.org/fhir/sid/icd-10","1816"
"5817","I48","http://hl7.org/fhir/sid/icd-10","1817"
"5818","I48","http://hl7.org/fhir/sid/icd-10","1818"
"5819","F19.0","http://hl7.org/fhir/sid/icd-10","1819"
"5820","G43.9","http://hl7.org/fhir/sid/icd-10","1820"
"5821","G43.9","http://hl7.org/fhir/sid/icd-10","1821"
"5822","I48","http://hl7.org/fhir/sid/icd-10","1822"
"5823","I48","http://hl7.org/fhir/sid/icd-10","1823"
"5824","I48","http://hl7.org/fhir/sid/icd-10","1824"
"5825","I48","http://hl7.org/fhir/sid/icd-10","1825"
"5826","K35.1","http://hl7.org/fhir/sid/icd-10","1826"
"5827","I48","http://hl7.org/fhir/sid/icd-10","1827"
"5828","I48","http://hl7.org/fhir/sid/icd-10","1828"
"5829","I48","http://hl7.org/fhir/sid/icd-10","1829"
"5830","K35.1","http://hl7.org/fhir/sid/icd-10","1830"
"5831","I48","http://hl7.org/fhir/sid/icd-10","1831"
"5832","I48","http://hl7.org/fhir/sid/icd-10","1832"
"5833","F19.0","http://hl7.org/fhir/sid/icd-10","1833"
"5834","I48","http://hl7.org/fhir/sid/icd-10","1834"
"5835","K35.1","http://hl7.org/fhir/sid/icd-10","1835"
"5836","G43.9","http://hl7.org/fhir/sid/icd-10","1836"
"5837","I48","http://hl7.org/fhir/sid/icd-10","1837"
"5838","I48","http://hl7.org/fhir/sid/icd-10","1838"
"5839","I48","http://hl7.org/fhir/sid/icd-10","1839"
"5840","I48","http://hl7.org/fhir/sid/icd-10","1840"
"5841","I48","http://hl7.org/fhir/sid/icd-10","1841"
"5842","F19.0","http://hl7.org/fhir/sid/icd-10","1842"
"5843","K35.1","http://hl7.org/fhir/sid/icd-10","1843"
"5844","G43.9","http://hl7.org/fhir/sid/icd-10","1844"
"5845","K35.1","http://hl7.org/fhir/sid/icd-10","1845"
"5846","K70.3","http://hl7.org/fhir/sid/icd-10","1846"
"5847","I48","http://hl7.org/fhir/sid/icd-10","1847"
"5848","G43.9","http://hl7.org/fhir/sid/icd-10","1848"
"5849","I48","http://hl7.org/fhir/sid/icd-10","1849"
"5850","G47.2","http://hl7.org/fhir/sid/icd-10","1850"
"5851","I48","http://hl7.org/fhir/sid/icd-10","1851"
"5852","I48","http://hl7.org/fhir/sid/icd-10","1852"
"5853","G43.9","http://hl7.org/fhir/sid/icd-10","1853"
"5854","F19.0","http://hl7.org/fhir/sid/icd-10","1854"
"5855","I48","http://hl7.org/fhir/sid/icd-10","1855"
"5856","K35.1","http://hl7.org/fhir/sid/icd-10","1856"
"5857","I48","http://hl7.org/fhir/sid/icd-10","1857"
"5858","K35.1","http://hl7.org/fhir/sid/icd-10","1858"
"5859","K35.1","http://hl7.org/fhir/sid/icd-10","1859"
"5860","I48","http://hl7.org/fhir/sid/icd-10","1860"
"5861","K70.3","http://hl7.org/fhir/sid/icd-10","1861"
"5862","I48","http://hl7.org/fhir/sid/icd-10","1862"
"5863","G43.9","http://hl7.org/fhir/sid/icd-10","1863"
"5864","I48","http://hl7.org/fhir/sid/icd-10","1864"
"5865","I48","http://hl7.org/fhir/sid/icd-10","1865"
"5866","I48","http://hl7.org/fhir/sid/icd-10","1866"
"5867","I48","http://hl7.org/fhir/sid/icd-10","1867"
"5868","F19.0","http://hl7.org/fhir/sid/icd-10","1868"
"5869","K70.3","http://hl7.org/fhir/sid/icd-10","1869"
"5870","K35.1","http://hl7.org/fhir/sid/icd-10","1870"
"5871","I48","http://hl7.org/fhir/sid/icd-10","1871"
"5872","K70.3","http://hl7.org/fhir/sid/icd-10","1872"
"5873","G47.2","http://hl7.org/fhir/sid/icd-10","1873"
"5874","I48","http://hl7.org/fhir/sid/icd-10","1874"
"5875","F19.0","http://hl7.org/fhir/sid/icd-10","1875"
"5876","I48","http://hl7.org/fhir/sid/icd-10","1876"
"5877","I48","http://hl7.org/fhir/sid/icd-10","1877"
"5878","G47.2","http://hl7.org/fhir/sid/icd-10","1878"
"5879","K70.3","http://hl7.org/fhir/sid/icd-10","1879"
"5880","F19.0","http://hl7.org/fhir/sid/icd-10","1880"
"5881","G47.2","http://hl7.org/fhir/sid/icd-10","1881"
"5882","I48","http://hl7.org/fhir/sid/icd-10","1882"
"5883","G43.9","http://hl7.org/fhir/sid/icd-10","1883"
"5884","I48","http://hl7.org/fhir/sid/icd-10","1884"
"5885","I48","http://hl7.org/fhir/sid/icd-10","1885"
"5886","G47.2","http://hl7.org/fhir/sid/icd-10","1886"
"5887","K35.1","http://hl7.org/fhir/sid/icd-10","1887"
"5888","K35.1","http://hl7.org/fhir/sid/icd-10","1888"
"5889","I48","http://hl7.org/fhir/sid/icd-10","1889"
"5890","K70.3","http://hl7.org/fhir/sid/icd-10","1890"
"5891","K35.1","http://hl7.org/fhir/sid/icd-10","1891"
"5892","K35.1","http://hl7.org/fhir/sid/icd-10","1892"
"5893","K70.3","http://hl7.org/fhir/sid/icd-10","1893"
"5894","K35.1","http://hl7.org/fhir/sid/icd-10","1894"
"5895","I48","http://hl7.org/fhir/sid/icd-10","1895"
"5896","I48","http://hl7.org/fhir/sid/icd-10","1896"
"5897","I48","http://hl7.org/fhir/sid/icd-10","1897"
"5898","I48","http://hl7.org/fhir/sid/icd-10","1898"
"5899","I48","http://hl7.org/fhir/sid/icd-10","1899"
"5900","F19.0","http://hl7.org/fhir/sid/icd-10","1900"
"5901","G43.9","http://hl7.org/fhir/sid/icd-10","1901"
"5902","F19.0","http://hl7.org/fhir/sid/icd-10","1902"
"5903","I48","http://hl7.org/fhir/sid/icd-10","1903"
"5904","F19.0","http://hl7.org/fhir/sid/icd-10","1904"
"5905","I48","http://hl7.org/fhir/sid/icd-10","1905"
"5906","I48","http://hl7.org/fhir/sid/icd-10","1906"
"5907","I48","http://hl7.org/fhir/sid/icd-10","1907"
"5908","I48","http://hl7.org/fhir/sid/icd-10","1908"
"5909","I48","http://hl7.org/fhir/sid/icd-10","1909"
"5910","K70.3","http://hl7.org/fhir/sid/icd-10","1910"
"5911","G47.2","http://hl7.org/fhir/sid/icd-10","1911"
"5912","I48","http://hl7.org/fhir/sid/icd-10","1912"
"5913","K70.3","http://hl7.org/fhir/sid/icd-10","1913"
"5914","K35.1","http://hl7.org/fhir/sid/icd-10","1914"
"5915","F19.0","http://hl7.org/fhir/sid/icd-10","1915"
"5916","I48","http://hl7.org/fhir/sid/icd-10","1916"
"5917","I48","http://hl7.org/fhir/sid/icd-10","1917"
"5918","F19.0","http://hl7.org/fhir/sid/icd-10","1918"
"5919","I48","http://hl7.org/fhir/sid/icd-10","1919"
"5920","G47.2","http://hl7.org/fhir/sid/icd-10","1920"
"5921","I48","http://hl7.org/fhir/sid/icd-10","1921"
"5922","K70.3","http://hl7.org/fhir/sid/icd-10","1922"
"5923","K70.3","http://hl7.org/fhir/sid/icd-10","1923"
"5924","K35.1","http://hl7.org/fhir/sid/icd-10","1924"
"5925","G47.2","http://hl7.org/fhir/sid/icd-10","1925"
"5926","I48","http://hl7.org/fhir/sid/icd-10","1926"
"5927","I48","http://hl7.org/fhir/sid/icd-10","1927"
"5928","I48","http://hl7.org/fhir/sid/icd-10","1928"
"5929","K70.3","http://hl7.org/fhir/sid/icd-10","1929"
"5930","I48","http://hl7.org/fhir/sid/icd-10","1930"
"5931","I48","http://hl7.org/fhir/sid/icd-10","1931"
"5932","G47.2","http://hl7.org/fhir/sid/icd-10","1932"
"5933","K70.3","http://hl7.org/fhir/sid/icd-10","1933"
"5934","K35.1","http://hl7.org/fhir/sid/icd-10","1934"
"5935","I48","http://hl7.org/fhir/sid/icd-10","1935"
"5936","I48","http://hl7.org/fhir/sid/icd-10","1936"
"5937","I48","http://hl7.org/fhir/sid/icd-10","1937"
"5938","K35.1","http://hl7.org/fhir/sid/icd-10","1938"
"5939","G43.9","http://hl7.org/fhir/sid/icd-10","1939"
"5940","G43.9","http://hl7.org/fhir/sid/icd-10","1940"
"5941","K35.1","http://hl7.org/fhir/sid/icd-10","1941"
"5942","I48","http://hl7.org/fhir/sid/icd-10","1942"
"5943","I48","http://hl7.org/fhir/sid/icd-10","1943"
"5944","K35.1","http://hl7.org/fhir/sid/icd-10","1944"
"5945","G47.2","http://hl7.org/fhir/sid/icd-10","1945"
"5946","I48","http://hl7.org/fhir/sid/icd-10","1946"
"5947","K70.3","http://hl7.org/fhir/sid/icd-10","1947"
"5948","I48","http://hl7.org/fhir/sid/icd-10","1948"
"5949","I48","http://hl7.org/fhir/sid/icd-10","1949"
"5950","I48","http://hl7.org/fhir/sid/icd-10","1950"
"5951","I48","http://hl7.org/fhir/sid/icd-10","1951"
"5952","I48","http://hl7.org/fhir/sid/icd-10","1952"
"5953","G43.9","http://hl7.org/fhir/sid/icd-10","1953"
"5954","G43.9","http://hl7.org/fhir/sid/icd-10","1954"
"5955","I48","http://hl7.org/fhir/sid/icd-10","1955"
"5956","I48","http://hl7.org/fhir/sid/icd-10","1956"
"5957","G43.9","http://hl7.org/fhir/sid/icd-10","1957"
"5958","I48","http://hl7.org/fhir/sid/icd-10","1958"
"5959","I48","http://hl7.org/fhir/sid/icd-10","1959"
"5960","K35.1","http://hl7.org/fhir/sid/icd-10","1960"
"5961","I48","http://hl7.org/fhir/sid/icd-10","1961"
"5962","I48","http://hl7.org/fhir/sid/icd-10","1962"
"5963","I48","http://hl7.org/fhir/sid/icd-10","1963"
"5964","I48","http://hl7.org/fhir/sid/icd-10","1964"
"5965","G43.9","http://hl7.org/fhir/sid/icd-10","1965"
"5966","G43.9","http://hl7.org/fhir/sid/icd-10","1966"
"5967","K35.1","http://hl7.org/fhir/sid/icd-10","1967"
"5968","I48","http://hl7.org/fhir/sid/icd-10","1968"
"5969","I48","http://hl7.org/fhir/sid/icd-10","1969"
"5970","G43.9","http://hl7.org/fhir/sid/icd-10","1970"
"5971","I48","http://hl7.org/fhir/sid/icd-10","1971"
"5972","I48","http://hl7.org/fhir/sid/icd-10","1972"
"5973","K35.1","http://hl7.org/fhir/sid/icd-10","1973"
"5974","I48","http://hl7.org/fhir/sid/icd-10","1974"
"5975","F19.0","http://hl7.org/fhir/sid/icd-10","1975"
"5976","K70.3","http://hl7.org/fhir/sid/icd-10","1976"
"5977","F19.0","http://hl7.org/fhir/sid/icd-10","1977"
"5978","I48","http://hl7.org/fhir/sid/icd-10","1978"
"5979","F19.0","http://hl7.org/fhir/sid/icd-10","1979"
"5980","I48","http://hl7.org/fhir/sid/icd-10","1980"
"5981","F19.0","http://hl7.org/fhir/sid/icd-10","1981"
"5982","G43.9","http://hl7.org/fhir/sid/icd-10","1982"
"5983","I48","http://hl7.org/fhir/sid/icd-10","1983"
"5984","F19.0","http://hl7.org/fhir/sid/icd-10","1984"
"5985","K70.3","http://hl7.org/fhir/sid/icd-10","1985"
"5986","I48","http://hl7.org/fhir/sid/icd-10","1986"
"5987","I48","http://hl7.org/fhir/sid/icd-10","1987"
"5988","I48","http://hl7.org/fhir/sid/icd-10","1988"
"5989","G43.9","http://hl7.org/fhir/sid/icd-10","1989"
"5990","G43.9","http://hl7.org/fhir/sid/icd-10","1990"
"5991","G47.2","http://hl7.org/fhir/sid/icd-10","1991"
"5992","I48","http://hl7.org/fhir/sid/icd-10","1992"
"5993","I48","http://hl7.org/fhir/sid/icd-10","1993"
"5994","G43.9","http://hl7.org/fhir/sid/icd-10","1994"
"5995","G43.9","http://hl7.org/fhir/sid/icd-10","1995"
"5996","K70.3","http://hl7.org/fhir/sid/icd-10","1996"
"5997","G43.9","http://hl7.org/fhir/sid/icd-10","1997"
"5998","I48","http://hl7.org/fhir/sid/icd-10","1998"
"5999","I48","http://hl7.org/fhir/sid/icd-10","1999"
