{"fileSourceList":[{"extension":"csv","label":"cohort.csv","path":"C:\\VHF_DEMO\\cohort.csv","sheets":[{"value":"Sheet1","label":"Sheet1","headers":[{"type":"Text","value":"subject","record":[{"recordId":"9c216406","target":[{"value":"Patient.id","resource":"Patient","profile":"http://hl7.eu/fhir/f4h/StructureDefinition/Patient-eu-f4h"},{"value":"Patient.identifier","resource":"Patient","profile":"http://hl7.eu/fhir/f4h/StructureDefinition/Patient-eu-f4h","type":"Identifier.value"}]},{"recordId":"c2a9d199","target":[{"value":"Observation.subject","resource":"Observation","profile":"http://hl7.eu/fhir/f4h/StructureDefinition/Observation-eu-f4h","type":"Reference.Patient"}]}],"conceptMap":{}},{"type":"Text","value":"gender","record":[{"recordId":"9c216406","target":[{"value":"Patient.gender","resource":"Patient","profile":"http://hl7.eu/fhir/f4h/StructureDefinition/Patient-eu-f4h"}]}],"conceptMap":{}},{"type":"Text","value":"birthdate","record":[{"recordId":"9c216406","target":[{"value":"Patient.birthDate","resource":"Patient","profile":"http://hl7.eu/fhir/f4h/StructureDefinition/Patient-eu-f4h"}]}],"conceptMap":{}},{"type":"Text","value":"observation.NTproBNP.id","record":[{"recordId":"c2a9d199","target":[{"value":"Observation.id","resource":"Observation","profile":"http://hl7.eu/fhir/f4h/StructureDefinition/Observation-eu-f4h"},{"value":"Observation.identifier","resource":"Observation","profile":"http://hl7.eu/fhir/f4h/StructureDefinition/Observation-eu-f4h","type":"Identifier.value"}]}],"conceptMap":{}},{"type":"Text","value":"NTproBNP.date","record":[{"recordId":"c2a9d199","target":[{"value":"Observation.effective[x]","resource":"Observation","profile":"http://hl7.eu/fhir/f4h/StructureDefinition/Observation-eu-f4h","type":"dateTime"}]}],"conceptMap":{}},{"type":"Text","value":"NTproBNP.value","record":[{"recordId":"c2a9d199","target":[{"value":"Observation.value[x]","resource":"Observation","profile":"http://hl7.eu/fhir/f4h/StructureDefinition/Observation-eu-f4h","type":"Quantity.value"}]}],"conceptMap":{}},{"type":"Text","value":"NTproBNP.unit","record":[{"recordId":"c2a9d199","target":[{"value":"Observation.value[x]","resource":"Observation","profile":"http://hl7.eu/fhir/f4h/StructureDefinition/Observation-eu-f4h","type":"Quantity.unit"}]}],"conceptMap":{}},{"type":"Text","value":"NTproBNP.status","record":[{"recordId":"c2a9d199","target":[{"value":"Observation.status","resource":"Observation","profile":"http://hl7.eu/fhir/f4h/StructureDefinition/Observation-eu-f4h"}]}],"conceptMap":{}},{"type":"Text","value":"NTproBNP.code","record":[{"recordId":"c2a9d199","target":[{"value":"Observation.code","resource":"Observation","profile":"http://hl7.eu/fhir/f4h/StructureDefinition/Observation-eu-f4h"}]}],"conceptMap":{}},{"type":"Text","value":"NTproBNP.codeSystem","record":[{"recordId":"c2a9d199","target":[{"value":"Observation.value[x]","resource":"Observation","profile":"http://hl7.eu/fhir/f4h/StructureDefinition/Observation-eu-f4h","type":"Quantity.system"}]}],"conceptMap":{}},{"record":[{"recordId":"9c216406","target":[{"value":"Patient.address","resource":"Patient","profile":"http://hl7.eu/fhir/f4h/StructureDefinition/Patient-eu-f4h","type":"Address.country"}]}],"conceptMap":{},"defaultValue":"GER"}]}],"currentSheet":null},{"extension":"csv","label":"conditions.csv","path":"C:\\VHF_DEMO\\conditions.csv","sheets":[{"value":"Sheet1","label":"Sheet1","headers":[{"type":"Text","value":"condition.id","record":[{"recordId":"14fb9e2f","target":[{"value":"Condition.id","resource":"Condition","profile":"http://hl7.eu/fhir/f4h/StructureDefinition/Condition-eu-f4h"},{"value":"Condition.identifier","resource":"Condition","profile":"http://hl7.eu/fhir/f4h/StructureDefinition/Condition-eu-f4h","type":"Identifier.value"}]}],"conceptMap":{}},{"type":"Text","value":"code","record":[{"recordId":"14fb9e2f","target":[{"value":"Condition.code","resource":"Condition","profile":"http://hl7.eu/fhir/f4h/StructureDefinition/Condition-eu-f4h","fixedUri":"http://hl7.org/fhir/sid/icd-10"}]}],"conceptMap":{}},{"type":"Text","value":"code.system"},{"type":"Text","value":"subject","record":[{"recordId":"14fb9e2f","target":[{"value":"Condition.subject","resource":"Condition","profile":"http://hl7.eu/fhir/f4h/StructureDefinition/Condition-eu-f4h","type":"Reference.Patient"}]}],"conceptMap":{}}]}],"currentSheet":null}]}