{
    "resourceType": "Bundle",
    "id": "f3505e09-d4dd-402f-ba67-1ad1abf2260c",
    "type": "searchset",
    "total": 36,
    "link": [
        {
            "relation": "self",
            "url": "http://127.0.0.1:8282/fhir/Observation?_count=36&_page=1"
        },
        {
            "relation": "first",
            "url": "http://127.0.0.1:8282/fhir/Observation?_count=36&_page=1"
        },
        {
            "relation": "last",
            "url": "http://127.0.0.1:8282/fhir/Observation?_count=36&_page=1"
        }
    ],
    "entry": [
        {
            "fullUrl": "http://127.0.0.1:8282/fhir/Observation/90fd033e84e10bed8f6b2225c0d02c62",
            "resource": {
                "resourceType": "Observation",
                "id": "90fd033e84e10bed8f6b2225c0d02c62",
                "meta": {
                    "profile": [
                        "http://hl7.eu/fhir/f4h/StructureDefinition/Observation-eu-f4h"
                    ],
                    "versionId": "1",
                    "lastUpdated": "2020-09-16T10:30:12.559Z"
                },
                "identifier": [
                    {
                        "system": "http://f4h.srdc.com.tr/fhir/demos/observation_id",
                        "value": "1"
                    }
                ],
                "status": "final",
                "code": {
                    "coding": [
                        {
                            "system": "http://snomed.info/sct",
                            "code": "160734000"
                        }
                    ]
                },
                "subject": {
                    "reference": "Patient/7493fe0faef5f8f8ec67335b8ff23f74"
                },
                "encounter": {
                    "reference": "Encounter/612688f6cda6e3a38863d4eb48fa7340"
                },
                "effectiveDateTime": "2019-04-23T00:00:00.000Z",
                "valueCodeableConcept": {
                    "coding": [
                        {
                            "system": "http://example.com/boolean",
                            "code": "FALSE"
                        }
                    ]
                }
            },
            "search": {
                "mode": "match"
            }
        },
        {
            "fullUrl": "http://127.0.0.1:8282/fhir/Observation/bc4d012a6cb8d7bf257c95723f37d071",
            "resource": {
                "resourceType": "Observation",
                "id": "bc4d012a6cb8d7bf257c95723f37d071",
                "meta": {
                    "profile": [
                        "http://hl7.eu/fhir/f4h/StructureDefinition/Observation-eu-f4h"
                    ],
                    "versionId": "1",
                    "lastUpdated": "2020-09-16T10:30:12.721Z"
                },
                "identifier": [
                    {
                        "system": "http://f4h.srdc.com.tr/fhir/demos/observation_id",
                        "value": "3"
                    }
                ],
                "status": "final",
                "code": {
                    "coding": [
                        {
                            "system": "http://snomed.info/sct",
                            "code": "419099009"
                        }
                    ]
                },
                "subject": {
                    "reference": "Patient/50605e9eb98ebc79321a9f6b5a8fa0cf"
                },
                "encounter": {
                    "reference": "Encounter/feda124fc0c23800fd6ff0460c968b34"
                },
                "effectiveDateTime": "2019-07-22T00:00:00.000Z",
                "valueCodeableConcept": {
                    "coding": [
                        {
                            "system": "http://example.com/boolean",
                            "code": "TRUE"
                        }
                    ]
                }
            },
            "search": {
                "mode": "match"
            }
        },
        {
            "fullUrl": "http://127.0.0.1:8282/fhir/Observation/c2f5cba883df4a33312896e362dc5a3b",
            "resource": {
                "resourceType": "Observation",
                "id": "c2f5cba883df4a33312896e362dc5a3b",
                "meta": {
                    "profile": [
                        "http://hl7.eu/fhir/f4h/StructureDefinition/Observation-eu-f4h"
                    ],
                    "versionId": "1",
                    "lastUpdated": "2020-09-16T10:30:12.733Z"
                },
                "identifier": [
                    {
                        "system": "http://f4h.srdc.com.tr/fhir/demos/observation_id",
                        "value": "4"
                    }
                ],
                "status": "final",
                "code": {
                    "coding": [
                        {
                            "system": "http://snomed.info/sct",
                            "code": "419099009"
                        }
                    ]
                },
                "subject": {
                    "reference": "Patient/1f02a91bb9343781e02c7f112d7b791d"
                },
                "encounter": {
                    "reference": "Encounter/7ba4cb0c68de287dd7be1dae1c98893f"
                },
                "effectiveDateTime": "2019-08-13T00:00:00.000Z",
                "valueCodeableConcept": {
                    "coding": [
                        {
                            "system": "http://example.com/boolean",
                            "code": "FALSE"
                        }
                    ]
                }
            },
            "search": {
                "mode": "match"
            }
        },
        {
            "fullUrl": "http://127.0.0.1:8282/fhir/Observation/0ec214c69286d843c0a0abc545e05572",
            "resource": {
                "resourceType": "Observation",
                "id": "0ec214c69286d843c0a0abc545e05572",
                "meta": {
                    "profile": [
                        "http://hl7.eu/fhir/f4h/StructureDefinition/Observation-eu-f4h"
                    ],
                    "versionId": "1",
                    "lastUpdated": "2020-09-16T10:30:12.752Z"
                },
                "identifier": [
                    {
                        "system": "http://f4h.srdc.com.tr/fhir/demos/observation_id",
                        "value": "5"
                    }
                ],
                "status": "final",
                "code": {
                    "coding": [
                        {
                            "system": "http://snomed.info/sct",
                            "code": "160734000"
                        }
                    ]
                },
                "subject": {
                    "reference": "Patient/6602b46629ae17ab1145aaa0fc1f625e"
                },
                "encounter": {
                    "reference": "Encounter/8cabca1c05f87465f473686c657f9121"
                },
                "effectiveDateTime": "2019-08-13T00:00:00.000Z",
                "valueCodeableConcept": {
                    "coding": [
                        {
                            "system": "http://example.com/boolean",
                            "code": "FALSE"
                        }
                    ]
                }
            },
            "search": {
                "mode": "match"
            }
        },
        {
            "fullUrl": "http://127.0.0.1:8282/fhir/Observation/a7aa4724ad737ff8044eb6a1ef525ce3",
            "resource": {
                "resourceType": "Observation",
                "id": "a7aa4724ad737ff8044eb6a1ef525ce3",
                "meta": {
                    "profile": [
                        "http://hl7.eu/fhir/f4h/StructureDefinition/Observation-eu-f4h"
                    ],
                    "versionId": "1",
                    "lastUpdated": "2020-09-16T10:30:12.774Z"
                },
                "identifier": [
                    {
                        "system": "http://f4h.srdc.com.tr/fhir/demos/observation_id",
                        "value": "7"
                    }
                ],
                "status": "final",
                "code": {
                    "coding": [
                        {
                            "system": "http://snomed.info/sct",
                            "code": "160734000"
                        }
                    ]
                },
                "subject": {
                    "reference": "Patient/4e6e2d0e0439cbaf75c7f914a5e111d3"
                },
                "encounter": {
                    "reference": "Encounter/9eaf16fa72a4a858178298b9f193d1b0"
                },
                "effectiveDateTime": "2019-08-01T00:00:00.000Z",
                "valueCodeableConcept": {
                    "coding": [
                        {
                            "system": "http://example.com/boolean",
                            "code": "FALSE"
                        }
                    ]
                }
            },
            "search": {
                "mode": "match"
            }
        },
        {
            "fullUrl": "http://127.0.0.1:8282/fhir/Observation/baf7ba91671102c93bd525f004a283dc",
            "resource": {
                "resourceType": "Observation",
                "id": "baf7ba91671102c93bd525f004a283dc",
                "meta": {
                    "profile": [
                        "http://hl7.eu/fhir/f4h/StructureDefinition/Observation-eu-f4h"
                    ],
                    "versionId": "1",
                    "lastUpdated": "2020-09-16T10:30:12.793Z"
                },
                "identifier": [
                    {
                        "system": "http://f4h.srdc.com.tr/fhir/demos/observation_id",
                        "value": "9"
                    }
                ],
                "status": "final",
                "code": {
                    "coding": [
                        {
                            "system": "http://snomed.info/sct",
                            "code": "160734000"
                        }
                    ]
                },
                "subject": {
                    "reference": "Patient/04e5829775e37d63b7a236d9f591e1cb"
                },
                "encounter": {
                    "reference": "Encounter/f8a22bb8af197708f521bd1bc13745af"
                },
                "effectiveDateTime": "2019-09-06T00:00:00.000Z",
                "valueCodeableConcept": {
                    "coding": [
                        {
                            "system": "http://example.com/boolean",
                            "code": "FALSE"
                        }
                    ]
                }
            },
            "search": {
                "mode": "match"
            }
        },
        {
            "fullUrl": "http://127.0.0.1:8282/fhir/Observation/18ca4702c60a3803f4e7ac0e1784907a",
            "resource": {
                "resourceType": "Observation",
                "id": "18ca4702c60a3803f4e7ac0e1784907a",
                "meta": {
                    "profile": [
                        "http://hl7.eu/fhir/f4h/StructureDefinition/Observation-eu-f4h"
                    ],
                    "versionId": "1",
                    "lastUpdated": "2020-09-16T10:30:12.809Z"
                },
                "identifier": [
                    {
                        "system": "http://f4h.srdc.com.tr/fhir/demos/observation_id",
                        "value": "11"
                    }
                ],
                "status": "final",
                "code": {
                    "coding": [
                        {
                            "system": "http://snomed.info/sct",
                            "code": "419099009"
                        }
                    ]
                },
                "subject": {
                    "reference": "Patient/5dcd5f1a49ccf056d214178dd8733070"
                },
                "encounter": {
                    "reference": "Encounter/95df9e6b34488f8760cc15d562d0a521"
                },
                "effectiveDateTime": "2019-10-24T00:00:00.000Z",
                "valueCodeableConcept": {
                    "coding": [
                        {
                            "system": "http://example.com/boolean",
                            "code": "FALSE"
                        }
                    ]
                }
            },
            "search": {
                "mode": "match"
            }
        },
        {
            "fullUrl": "http://127.0.0.1:8282/fhir/Observation/b1534eab2fe8a59185a5e45a8b852e1e",
            "resource": {
                "resourceType": "Observation",
                "id": "b1534eab2fe8a59185a5e45a8b852e1e",
                "meta": {
                    "profile": [
                        "http://hl7.eu/fhir/f4h/StructureDefinition/Observation-eu-f4h"
                    ],
                    "versionId": "1",
                    "lastUpdated": "2020-09-16T10:30:12.825Z"
                },
                "identifier": [
                    {
                        "system": "http://f4h.srdc.com.tr/fhir/demos/observation_id",
                        "value": "12"
                    }
                ],
                "status": "final",
                "code": {
                    "coding": [
                        {
                            "system": "http://snomed.info/sct",
                            "code": "419099009"
                        }
                    ]
                },
                "subject": {
                    "reference": "Patient/5dea8608a8273d7cac52005d44a59360"
                },
                "encounter": {
                    "reference": "Encounter/f7c069a3cfe35c4248d98b57a6e05eb4"
                },
                "effectiveDateTime": "2019-10-12T00:00:00.000Z",
                "valueCodeableConcept": {
                    "coding": [
                        {
                            "system": "http://example.com/boolean",
                            "code": "TRUE"
                        }
                    ]
                }
            },
            "search": {
                "mode": "match"
            }
        },
        {
            "fullUrl": "http://127.0.0.1:8282/fhir/Observation/10e5dfbc9116508271574a10beec20a7",
            "resource": {
                "resourceType": "Observation",
                "id": "10e5dfbc9116508271574a10beec20a7",
                "meta": {
                    "profile": [
                        "http://hl7.eu/fhir/f4h/StructureDefinition/Observation-eu-f4h"
                    ],
                    "versionId": "1",
                    "lastUpdated": "2020-09-16T10:30:12.838Z"
                },
                "identifier": [
                    {
                        "system": "http://f4h.srdc.com.tr/fhir/demos/observation_id",
                        "value": "13"
                    }
                ],
                "status": "final",
                "code": {
                    "coding": [
                        {
                            "system": "http://snomed.info/sct",
                            "code": "160734000"
                        }
                    ]
                },
                "subject": {
                    "reference": "Patient/b736c42d861031033e021457a72d754c"
                },
                "encounter": {
                    "reference": "Encounter/a59cfec33a73d20aca8c26c6ee882002"
                },
                "effectiveDateTime": "2019-10-11T00:00:00.000Z",
                "valueCodeableConcept": {
                    "coding": [
                        {
                            "system": "http://example.com/boolean",
                            "code": "FALSE"
                        }
                    ]
                }
            },
            "search": {
                "mode": "match"
            }
        },
        {
            "fullUrl": "http://127.0.0.1:8282/fhir/Observation/5dea8608a8273d7cac52005d44a59360",
            "resource": {
                "resourceType": "Observation",
                "id": "5dea8608a8273d7cac52005d44a59360",
                "meta": {
                    "profile": [
                        "http://hl7.eu/fhir/f4h/StructureDefinition/Observation-eu-f4h"
                    ],
                    "versionId": "1",
                    "lastUpdated": "2020-09-16T10:30:12.849Z"
                },
                "identifier": [
                    {
                        "system": "http://f4h.srdc.com.tr/fhir/demos/observation_id",
                        "value": "15"
                    }
                ],
                "status": "final",
                "code": {
                    "coding": [
                        {
                            "system": "http://snomed.info/sct",
                            "code": "419099009"
                        }
                    ]
                },
                "subject": {
                    "reference": "Patient/7493fe0faef5f8f8ec67335b8ff23f74"
                },
                "encounter": {
                    "reference": "Encounter/612688f6cda6e3a38863d4eb48fa7340"
                },
                "effectiveDateTime": "2019-10-17T00:00:00.000Z",
                "valueCodeableConcept": {
                    "coding": [
                        {
                            "system": "http://example.com/boolean",
                            "code": "FALSE"
                        }
                    ]
                }
            },
            "search": {
                "mode": "match"
            }
        },
        {
            "fullUrl": "http://127.0.0.1:8282/fhir/Observation/b736c42d861031033e021457a72d754c",
            "resource": {
                "resourceType": "Observation",
                "id": "b736c42d861031033e021457a72d754c",
                "meta": {
                    "profile": [
                        "http://hl7.eu/fhir/f4h/StructureDefinition/Observation-eu-f4h"
                    ],
                    "versionId": "1",
                    "lastUpdated": "2020-09-16T10:30:12.862Z"
                },
                "identifier": [
                    {
                        "system": "http://f4h.srdc.com.tr/fhir/demos/observation_id",
                        "value": "16"
                    }
                ],
                "status": "final",
                "code": {
                    "coding": [
                        {
                            "system": "http://snomed.info/sct",
                            "code": "160734000"
                        }
                    ]
                },
                "subject": {
                    "reference": "Patient/16ed073856be0118031ac67309198420"
                },
                "encounter": {
                    "reference": "Encounter/cb504ed7ca5960884c7a3406549c7862"
                },
                "effectiveDateTime": "2019-10-17T00:00:00.000Z",
                "valueCodeableConcept": {
                    "coding": [
                        {
                            "system": "http://example.com/boolean",
                            "code": "FALSE"
                        }
                    ]
                }
            },
            "search": {
                "mode": "match"
            }
        },
        {
            "fullUrl": "http://127.0.0.1:8282/fhir/Observation/71589f14d3b22178d6fc0972db85d0dc",
            "resource": {
                "resourceType": "Observation",
                "id": "71589f14d3b22178d6fc0972db85d0dc",
                "meta": {
                    "profile": [
                        "http://hl7.eu/fhir/f4h/StructureDefinition/Observation-eu-f4h"
                    ],
                    "versionId": "1",
                    "lastUpdated": "2020-09-16T10:30:12.871Z"
                },
                "identifier": [
                    {
                        "system": "http://f4h.srdc.com.tr/fhir/demos/observation_id",
                        "value": "18"
                    }
                ],
                "status": "final",
                "code": {
                    "coding": [
                        {
                            "system": "http://snomed.info/sct",
                            "code": "160734000"
                        }
                    ]
                },
                "subject": {
                    "reference": "Patient/1f02a91bb9343781e02c7f112d7b791d"
                },
                "encounter": {
                    "reference": "Encounter/7ba4cb0c68de287dd7be1dae1c98893f"
                },
                "effectiveDateTime": "2019-10-24T00:00:00.000Z",
                "valueCodeableConcept": {
                    "coding": [
                        {
                            "system": "http://example.com/boolean",
                            "code": "FALSE"
                        }
                    ]
                }
            },
            "search": {
                "mode": "match"
            }
        },
        {
            "fullUrl": "http://127.0.0.1:8282/fhir/Observation/bed4d1fe71c36b0c8dacf24e127bc143",
            "resource": {
                "resourceType": "Observation",
                "id": "bed4d1fe71c36b0c8dacf24e127bc143",
                "meta": {
                    "profile": [
                        "http://hl7.eu/fhir/f4h/StructureDefinition/Observation-eu-f4h"
                    ],
                    "versionId": "1",
                    "lastUpdated": "2020-09-16T10:30:12.881Z"
                },
                "identifier": [
                    {
                        "system": "http://f4h.srdc.com.tr/fhir/demos/observation_id",
                        "value": "20"
                    }
                ],
                "status": "final",
                "code": {
                    "coding": [
                        {
                            "system": "http://snomed.info/sct",
                            "code": "419099009"
                        }
                    ]
                },
                "subject": {
                    "reference": "Patient/9cd69c88a9526c8a5acabe24504ae497"
                },
                "encounter": {
                    "reference": "Encounter/667f77ab34779db8f9a5dcd5f99693a4"
                },
                "effectiveDateTime": "2019-12-16T00:00:00.000Z",
                "valueCodeableConcept": {
                    "coding": [
                        {
                            "system": "http://example.com/boolean",
                            "code": "TRUE"
                        }
                    ]
                }
            },
            "search": {
                "mode": "match"
            }
        },
        {
            "fullUrl": "http://127.0.0.1:8282/fhir/Observation/d8f0f5f752b0d6738ed46b73a02690e9",
            "resource": {
                "resourceType": "Observation",
                "id": "d8f0f5f752b0d6738ed46b73a02690e9",
                "meta": {
                    "profile": [
                        "http://hl7.eu/fhir/f4h/StructureDefinition/Observation-eu-f4h"
                    ],
                    "versionId": "1",
                    "lastUpdated": "2020-09-16T10:30:12.890Z"
                },
                "identifier": [
                    {
                        "system": "http://f4h.srdc.com.tr/fhir/demos/observation_id",
                        "value": "21"
                    }
                ],
                "status": "final",
                "code": {
                    "coding": [
                        {
                            "system": "http://snomed.info/sct",
                            "code": "160734000"
                        }
                    ]
                },
                "subject": {
                    "reference": "Patient/4e6e2d0e0439cbaf75c7f914a5e111d3"
                },
                "encounter": {
                    "reference": "Encounter/9eaf16fa72a4a858178298b9f193d1b0"
                },
                "effectiveDateTime": "2019-12-23T00:00:00.000Z",
                "valueCodeableConcept": {
                    "coding": [
                        {
                            "system": "http://example.com/boolean",
                            "code": "TRUE"
                        }
                    ]
                }
            },
            "search": {
                "mode": "match"
            }
        },
        {
            "fullUrl": "http://127.0.0.1:8282/fhir/Observation/35d98e15391b937f8bb782685ca8a04b",
            "resource": {
                "resourceType": "Observation",
                "id": "35d98e15391b937f8bb782685ca8a04b",
                "meta": {
                    "profile": [
                        "http://hl7.eu/fhir/f4h/StructureDefinition/Observation-eu-f4h"
                    ],
                    "versionId": "1",
                    "lastUpdated": "2020-09-16T10:30:12.899Z"
                },
                "identifier": [
                    {
                        "system": "http://f4h.srdc.com.tr/fhir/demos/observation_id",
                        "value": "23"
                    }
                ],
                "status": "final",
                "code": {
                    "coding": [
                        {
                            "system": "http://snomed.info/sct",
                            "code": "160734000"
                        }
                    ]
                },
                "subject": {
                    "reference": "Patient/04e5829775e37d63b7a236d9f591e1cb"
                },
                "encounter": {
                    "reference": "Encounter/f8a22bb8af197708f521bd1bc13745af"
                },
                "effectiveDateTime": "2019-12-27T00:00:00.000Z",
                "valueCodeableConcept": {
                    "coding": [
                        {
                            "system": "http://example.com/boolean",
                            "code": "FALSE"
                        }
                    ]
                }
            },
            "search": {
                "mode": "match"
            }
        },
        {
            "fullUrl": "http://127.0.0.1:8282/fhir/Observation/5fe92fc6ca29b4c27f1322190e813ef7",
            "resource": {
                "resourceType": "Observation",
                "id": "5fe92fc6ca29b4c27f1322190e813ef7",
                "meta": {
                    "profile": [
                        "http://hl7.eu/fhir/f4h/StructureDefinition/Observation-eu-f4h"
                    ],
                    "versionId": "1",
                    "lastUpdated": "2020-09-16T10:30:12.907Z"
                },
                "identifier": [
                    {
                        "system": "http://f4h.srdc.com.tr/fhir/demos/observation_id",
                        "value": "25"
                    }
                ],
                "status": "final",
                "code": {
                    "coding": [
                        {
                            "system": "http://snomed.info/sct",
                            "code": "419099009"
                        }
                    ]
                },
                "subject": {
                    "reference": "Patient/5dcd5f1a49ccf056d214178dd8733070"
                },
                "encounter": {
                    "reference": "Encounter/95df9e6b34488f8760cc15d562d0a521"
                },
                "effectiveDateTime": "2020-01-08T00:00:00.000Z",
                "valueCodeableConcept": {
                    "coding": [
                        {
                            "system": "http://example.com/boolean",
                            "code": "FALSE"
                        }
                    ]
                }
            },
            "search": {
                "mode": "match"
            }
        },
        {
            "fullUrl": "http://127.0.0.1:8282/fhir/Observation/774a3cdc55d8e9bff050e9d7e4bf236a",
            "resource": {
                "resourceType": "Observation",
                "id": "774a3cdc55d8e9bff050e9d7e4bf236a",
                "meta": {
                    "profile": [
                        "http://hl7.eu/fhir/f4h/StructureDefinition/Observation-eu-f4h"
                    ],
                    "versionId": "1",
                    "lastUpdated": "2020-09-16T10:30:12.918Z"
                },
                "identifier": [
                    {
                        "system": "http://f4h.srdc.com.tr/fhir/demos/observation_id",
                        "value": "26"
                    }
                ],
                "status": "final",
                "code": {
                    "coding": [
                        {
                            "system": "http://snomed.info/sct",
                            "code": "419099009"
                        }
                    ]
                },
                "subject": {
                    "reference": "Patient/5dea8608a8273d7cac52005d44a59360"
                },
                "encounter": {
                    "reference": "Encounter/f7c069a3cfe35c4248d98b57a6e05eb4"
                },
                "effectiveDateTime": "2020-01-15T00:00:00.000Z",
                "valueCodeableConcept": {
                    "coding": [
                        {
                            "system": "http://example.com/boolean",
                            "code": "TRUE"
                        }
                    ]
                }
            },
            "search": {
                "mode": "match"
            }
        },
        {
            "fullUrl": "http://127.0.0.1:8282/fhir/Observation/80c20b88f788a1cc060b190a2d315335",
            "resource": {
                "resourceType": "Observation",
                "id": "80c20b88f788a1cc060b190a2d315335",
                "meta": {
                    "profile": [
                        "http://hl7.eu/fhir/f4h/StructureDefinition/Observation-eu-f4h"
                    ],
                    "versionId": "1",
                    "lastUpdated": "2020-09-16T10:30:12.931Z"
                },
                "identifier": [
                    {
                        "system": "http://f4h.srdc.com.tr/fhir/demos/observation_id",
                        "value": "27"
                    }
                ],
                "status": "final",
                "code": {
                    "coding": [
                        {
                            "system": "http://snomed.info/sct",
                            "code": "419099009"
                        }
                    ]
                },
                "subject": {
                    "reference": "Patient/b736c42d861031033e021457a72d754c"
                },
                "encounter": {
                    "reference": "Encounter/a59cfec33a73d20aca8c26c6ee882002"
                },
                "effectiveDateTime": "2020-02-25T00:00:00.000Z",
                "valueCodeableConcept": {
                    "coding": [
                        {
                            "system": "http://example.com/boolean",
                            "code": "FALSE"
                        }
                    ]
                }
            },
            "search": {
                "mode": "match"
            }
        },
        {
            "fullUrl": "http://127.0.0.1:8282/fhir/Observation/d0938afa1d62ff61762bc83c11f7cfe3",
            "resource": {
                "resourceType": "Observation",
                "id": "d0938afa1d62ff61762bc83c11f7cfe3",
                "meta": {
                    "profile": [
                        "http://hl7.eu/fhir/f4h/StructureDefinition/Observation-eu-f4h"
                    ],
                    "versionId": "1",
                    "lastUpdated": "2020-09-16T10:30:12.944Z"
                },
                "identifier": [
                    {
                        "system": "http://f4h.srdc.com.tr/fhir/demos/observation_id",
                        "value": "28"
                    }
                ],
                "status": "final",
                "code": {
                    "coding": [
                        {
                            "system": "http://snomed.info/sct",
                            "code": "419099009"
                        }
                    ]
                },
                "subject": {
                    "reference": "Patient/385ab0e5b9521e57d5b9b65c0e49ae0b"
                },
                "encounter": {
                    "reference": "Encounter/f8a575995e8457a49b6c96d5ce15c8ae"
                },
                "effectiveDateTime": "2020-03-18T00:00:00.000Z",
                "valueCodeableConcept": {
                    "coding": [
                        {
                            "system": "http://example.com/boolean",
                            "code": "TRUE"
                        }
                    ]
                }
            },
            "search": {
                "mode": "match"
            }
        },
        {
            "fullUrl": "http://127.0.0.1:8282/fhir/Observation/304fa7bbf90a902381ceae03dc7b796a",
            "resource": {
                "resourceType": "Observation",
                "id": "304fa7bbf90a902381ceae03dc7b796a",
                "meta": {
                    "profile": [
                        "http://hl7.eu/fhir/f4h/StructureDefinition/Observation-eu-f4h"
                    ],
                    "versionId": "1",
                    "lastUpdated": "2020-09-16T10:30:12.961Z"
                },
                "identifier": [
                    {
                        "system": "http://f4h.srdc.com.tr/fhir/demos/smoking_id",
                        "value": "2"
                    }
                ],
                "status": "final",
                "code": {
                    "coding": [
                        {
                            "system": "http://loinc.org",
                            "code": "72166-2"
                        }
                    ]
                },
                "subject": {
                    "reference": "Patient/16ed073856be0118031ac67309198420"
                },
                "encounter": {
                    "reference": "Encounter/cb504ed7ca5960884c7a3406549c7862"
                },
                "effectiveDateTime": "2019-04-23T00:00:00.000Z",
                "valueCodeableConcept": {
                    "coding": [
                        {
                            "system": "http://snomed.info/sct",
                            "code": "266919005"
                        }
                    ]
                }
            },
            "search": {
                "mode": "match"
            }
        },
        {
            "fullUrl": "http://127.0.0.1:8282/fhir/Observation/0bec51ec25f5bd6553468e271c5eb0b5",
            "resource": {
                "resourceType": "Observation",
                "id": "0bec51ec25f5bd6553468e271c5eb0b5",
                "meta": {
                    "profile": [
                        "http://hl7.eu/fhir/f4h/StructureDefinition/Observation-eu-f4h"
                    ],
                    "versionId": "1",
                    "lastUpdated": "2020-09-16T10:30:12.975Z"
                },
                "identifier": [
                    {
                        "system": "http://f4h.srdc.com.tr/fhir/demos/smoking_id",
                        "value": "6"
                    }
                ],
                "status": "final",
                "code": {
                    "coding": [
                        {
                            "system": "http://loinc.org",
                            "code": "72166-2"
                        }
                    ]
                },
                "subject": {
                    "reference": "Patient/9cd69c88a9526c8a5acabe24504ae497"
                },
                "encounter": {
                    "reference": "Encounter/667f77ab34779db8f9a5dcd5f99693a4"
                },
                "effectiveDateTime": "2019-08-13T00:00:00.000Z",
                "valueCodeableConcept": {
                    "coding": [
                        {
                            "system": "http://snomed.info/sct",
                            "code": "266927001"
                        }
                    ]
                }
            },
            "search": {
                "mode": "match"
            }
        },
        {
            "fullUrl": "http://127.0.0.1:8282/fhir/Observation/7dab8ea38cc0795f62c2bbbcf0bbc829",
            "resource": {
                "resourceType": "Observation",
                "id": "7dab8ea38cc0795f62c2bbbcf0bbc829",
                "meta": {
                    "profile": [
                        "http://hl7.eu/fhir/f4h/StructureDefinition/Observation-eu-f4h"
                    ],
                    "versionId": "1",
                    "lastUpdated": "2020-09-16T10:30:12.987Z"
                },
                "identifier": [
                    {
                        "system": "http://f4h.srdc.com.tr/fhir/demos/smoking_id",
                        "value": "8"
                    }
                ],
                "status": "final",
                "code": {
                    "coding": [
                        {
                            "system": "http://loinc.org",
                            "code": "72166-2"
                        }
                    ]
                },
                "subject": {
                    "reference": "Patient/7376b017a75b043a40f0f4ed654852f0"
                },
                "encounter": {
                    "reference": "Encounter/d01e572305356349c714d1e75eb48748"
                },
                "effectiveDateTime": "2019-08-01T00:00:00.000Z",
                "valueCodeableConcept": {
                    "coding": [
                        {
                            "system": "http://snomed.info/sct",
                            "code": "266927001"
                        }
                    ]
                }
            },
            "search": {
                "mode": "match"
            }
        },
        {
            "fullUrl": "http://127.0.0.1:8282/fhir/Observation/626df3edf6fcdbded78f2cad30b1fa46",
            "resource": {
                "resourceType": "Observation",
                "id": "626df3edf6fcdbded78f2cad30b1fa46",
                "meta": {
                    "profile": [
                        "http://hl7.eu/fhir/f4h/StructureDefinition/Observation-eu-f4h"
                    ],
                    "versionId": "1",
                    "lastUpdated": "2020-09-16T10:30:12.999Z"
                },
                "identifier": [
                    {
                        "system": "http://f4h.srdc.com.tr/fhir/demos/smoking_id",
                        "value": "10"
                    }
                ],
                "status": "final",
                "code": {
                    "coding": [
                        {
                            "system": "http://loinc.org",
                            "code": "72166-2"
                        }
                    ]
                },
                "subject": {
                    "reference": "Patient/10e5dfbc9116508271574a10beec20a7"
                },
                "encounter": {
                    "reference": "Encounter/2c530fb819a504ed8a289c199661f83e"
                },
                "effectiveDateTime": "2019-09-06T00:00:00.000Z",
                "valueCodeableConcept": {
                    "coding": [
                        {
                            "system": "http://snomed.info/sct",
                            "code": "266927001"
                        }
                    ]
                }
            },
            "search": {
                "mode": "match"
            }
        },
        {
            "fullUrl": "http://127.0.0.1:8282/fhir/Observation/5dcd5f1a49ccf056d214178dd8733070",
            "resource": {
                "resourceType": "Observation",
                "id": "5dcd5f1a49ccf056d214178dd8733070",
                "meta": {
                    "profile": [
                        "http://hl7.eu/fhir/f4h/StructureDefinition/Observation-eu-f4h"
                    ],
                    "versionId": "1",
                    "lastUpdated": "2020-09-16T10:30:13.016Z"
                },
                "identifier": [
                    {
                        "system": "http://f4h.srdc.com.tr/fhir/demos/smoking_id",
                        "value": "14"
                    }
                ],
                "status": "final",
                "code": {
                    "coding": [
                        {
                            "system": "http://loinc.org",
                            "code": "72166-2"
                        }
                    ]
                },
                "subject": {
                    "reference": "Patient/385ab0e5b9521e57d5b9b65c0e49ae0b"
                },
                "encounter": {
                    "reference": "Encounter/f8a575995e8457a49b6c96d5ce15c8ae"
                },
                "effectiveDateTime": "2019-10-11T00:00:00.000Z",
                "valueCodeableConcept": {
                    "coding": [
                        {
                            "system": "http://snomed.info/sct",
                            "code": "266919005"
                        }
                    ]
                }
            },
            "search": {
                "mode": "match"
            }
        },
        {
            "fullUrl": "http://127.0.0.1:8282/fhir/Observation/385ab0e5b9521e57d5b9b65c0e49ae0b",
            "resource": {
                "resourceType": "Observation",
                "id": "385ab0e5b9521e57d5b9b65c0e49ae0b",
                "meta": {
                    "profile": [
                        "http://hl7.eu/fhir/f4h/StructureDefinition/Observation-eu-f4h"
                    ],
                    "versionId": "1",
                    "lastUpdated": "2020-09-16T10:30:13.030Z"
                },
                "identifier": [
                    {
                        "system": "http://f4h.srdc.com.tr/fhir/demos/smoking_id",
                        "value": "17"
                    }
                ],
                "status": "final",
                "code": {
                    "coding": [
                        {
                            "system": "http://loinc.org",
                            "code": "72166-2"
                        }
                    ]
                },
                "subject": {
                    "reference": "Patient/50605e9eb98ebc79321a9f6b5a8fa0cf"
                },
                "encounter": {
                    "reference": "Encounter/feda124fc0c23800fd6ff0460c968b34"
                },
                "effectiveDateTime": "2019-10-17T00:00:00.000Z",
                "valueCodeableConcept": {
                    "coding": [
                        {
                            "system": "http://snomed.info/sct",
                            "code": "449868002"
                        }
                    ]
                }
            },
            "search": {
                "mode": "match"
            }
        },
        {
            "fullUrl": "http://127.0.0.1:8282/fhir/Observation/df0879d9ee29cce4274f3cb10343c134",
            "resource": {
                "resourceType": "Observation",
                "id": "df0879d9ee29cce4274f3cb10343c134",
                "meta": {
                    "profile": [
                        "http://hl7.eu/fhir/f4h/StructureDefinition/Observation-eu-f4h"
                    ],
                    "versionId": "1",
                    "lastUpdated": "2020-09-16T10:30:13.043Z"
                },
                "identifier": [
                    {
                        "system": "http://f4h.srdc.com.tr/fhir/demos/smoking_id",
                        "value": "19"
                    }
                ],
                "status": "final",
                "code": {
                    "coding": [
                        {
                            "system": "http://loinc.org",
                            "code": "72166-2"
                        }
                    ]
                },
                "subject": {
                    "reference": "Patient/6602b46629ae17ab1145aaa0fc1f625e"
                },
                "encounter": {
                    "reference": "Encounter/8cabca1c05f87465f473686c657f9121"
                },
                "effectiveDateTime": "2019-10-24T00:00:00.000Z",
                "valueCodeableConcept": {
                    "coding": [
                        {
                            "system": "http://snomed.info/sct",
                            "code": "266919005"
                        }
                    ]
                }
            },
            "search": {
                "mode": "match"
            }
        },
        {
            "fullUrl": "http://127.0.0.1:8282/fhir/Observation/0069d197f0dc61e3bb381e286c725432",
            "resource": {
                "resourceType": "Observation",
                "id": "0069d197f0dc61e3bb381e286c725432",
                "meta": {
                    "profile": [
                        "http://hl7.eu/fhir/f4h/StructureDefinition/Observation-eu-f4h"
                    ],
                    "versionId": "1",
                    "lastUpdated": "2020-09-16T10:30:13.056Z"
                },
                "identifier": [
                    {
                        "system": "http://f4h.srdc.com.tr/fhir/demos/smoking_id",
                        "value": "22"
                    }
                ],
                "status": "final",
                "code": {
                    "coding": [
                        {
                            "system": "http://loinc.org",
                            "code": "72166-2"
                        }
                    ]
                },
                "subject": {
                    "reference": "Patient/7376b017a75b043a40f0f4ed654852f0"
                },
                "encounter": {
                    "reference": "Encounter/d01e572305356349c714d1e75eb48748"
                },
                "effectiveDateTime": "2019-12-23T00:00:00.000Z",
                "valueCodeableConcept": {
                    "coding": [
                        {
                            "system": "http://snomed.info/sct",
                            "code": "266919005"
                        }
                    ]
                }
            },
            "search": {
                "mode": "match"
            }
        },
        {
            "fullUrl": "http://127.0.0.1:8282/fhir/Observation/3b66db07901c4a4f3b99e73755a5180e",
            "resource": {
                "resourceType": "Observation",
                "id": "3b66db07901c4a4f3b99e73755a5180e",
                "meta": {
                    "profile": [
                        "http://hl7.eu/fhir/f4h/StructureDefinition/Observation-eu-f4h"
                    ],
                    "versionId": "1",
                    "lastUpdated": "2020-09-16T10:30:13.065Z"
                },
                "identifier": [
                    {
                        "system": "http://f4h.srdc.com.tr/fhir/demos/smoking_id",
                        "value": "24"
                    }
                ],
                "status": "final",
                "code": {
                    "coding": [
                        {
                            "system": "http://loinc.org",
                            "code": "72166-2"
                        }
                    ]
                },
                "subject": {
                    "reference": "Patient/10e5dfbc9116508271574a10beec20a7"
                },
                "encounter": {
                    "reference": "Encounter/2c530fb819a504ed8a289c199661f83e"
                },
                "effectiveDateTime": "2019-12-27T00:00:00.000Z",
                "valueCodeableConcept": {
                    "coding": [
                        {
                            "system": "http://snomed.info/sct",
                            "code": "266919005"
                        }
                    ]
                }
            },
            "search": {
                "mode": "match"
            }
        },
        {
            "fullUrl": "http://127.0.0.1:8282/fhir/Observation/f3df1c74b1247da58ef0b612f026d6d3",
            "resource": {
                "resourceType": "Observation",
                "id": "f3df1c74b1247da58ef0b612f026d6d3",
                "meta": {
                    "profile": [
                        "http://hl7.eu/fhir/f4h/StructureDefinition/Observation-lab-eu-f4h"
                    ],
                    "versionId": "1",
                    "lastUpdated": "2020-09-16T10:30:13.075Z"
                },
                "identifier": [
                    {
                        "system": "http://f4h.srdc.com.tr/demo/lab-test-id",
                        "value": "LT1"
                    }
                ],
                "status": "final",
                "code": {
                    "coding": [
                        {
                            "system": "http://loinc.org",
                            "code": "1751-7"
                        }
                    ]
                },
                "subject": {
                    "reference": "Patient/90fd033e84e10bed8f6b2225c0d02c62"
                },
                "encounter": {
                    "reference": "Encounter/90fd033e84e10bed8f6b2225c0d02c62"
                },
                "effectiveDateTime": "2019-06-01T11:35:00.000Z",
                "valueQuantity": {
                    "value": 4.3,
                    "unit": "g/dl",
                    "system": "http://unitsofmeasure.org",
                    "code": "g/dl"
                }
            },
            "search": {
                "mode": "match"
            }
        },
        {
            "fullUrl": "http://127.0.0.1:8282/fhir/Observation/9bd8be217f73764e08a1f5086773d728",
            "resource": {
                "resourceType": "Observation",
                "id": "9bd8be217f73764e08a1f5086773d728",
                "meta": {
                    "profile": [
                        "http://hl7.eu/fhir/f4h/StructureDefinition/Observation-lab-eu-f4h"
                    ],
                    "versionId": "1",
                    "lastUpdated": "2020-09-16T10:30:13.084Z"
                },
                "identifier": [
                    {
                        "system": "http://f4h.srdc.com.tr/demo/lab-test-id",
                        "value": "LT2"
                    }
                ],
                "status": "final",
                "code": {
                    "coding": [
                        {
                            "system": "http://loinc.org",
                            "code": "1751-7"
                        }
                    ]
                },
                "subject": {
                    "reference": "Patient/304fa7bbf90a902381ceae03dc7b796a"
                },
                "encounter": {
                    "reference": "Encounter/304fa7bbf90a902381ceae03dc7b796a"
                },
                "effectiveDateTime": "2017-07-22T12:50:00.000Z",
                "valueQuantity": {
                    "value": 4,
                    "unit": "g/dl",
                    "system": "http://unitsofmeasure.org",
                    "code": "g/dl"
                }
            },
            "search": {
                "mode": "match"
            }
        },
        {
            "fullUrl": "http://127.0.0.1:8282/fhir/Observation/083449191a8e8696a8617b883690d640",
            "resource": {
                "resourceType": "Observation",
                "id": "083449191a8e8696a8617b883690d640",
                "meta": {
                    "profile": [
                        "http://hl7.eu/fhir/f4h/StructureDefinition/Observation-lab-eu-f4h"
                    ],
                    "versionId": "1",
                    "lastUpdated": "2020-09-16T10:30:13.098Z"
                },
                "identifier": [
                    {
                        "system": "http://f4h.srdc.com.tr/demo/lab-test-id",
                        "value": "LT3"
                    }
                ],
                "status": "final",
                "code": {
                    "coding": [
                        {
                            "system": "http://loinc.org",
                            "code": "1751-7"
                        }
                    ]
                },
                "subject": {
                    "reference": "Patient/bc4d012a6cb8d7bf257c95723f37d071"
                },
                "encounter": {
                    "reference": "Encounter/bc4d012a6cb8d7bf257c95723f37d071"
                },
                "effectiveDateTime": "2016-08-18T13:45:00.000Z",
                "valueQuantity": {
                    "value": 3.5,
                    "unit": "g/dl",
                    "system": "http://unitsofmeasure.org",
                    "code": "g/dl"
                }
            },
            "search": {
                "mode": "match"
            }
        },
        {
            "fullUrl": "http://127.0.0.1:8282/fhir/Observation/9bd503638a95453893eb62210634b101",
            "resource": {
                "resourceType": "Observation",
                "id": "9bd503638a95453893eb62210634b101",
                "meta": {
                    "profile": [
                        "http://hl7.eu/fhir/f4h/StructureDefinition/Observation-lab-eu-f4h"
                    ],
                    "versionId": "1",
                    "lastUpdated": "2020-09-16T10:30:13.108Z"
                },
                "identifier": [
                    {
                        "system": "http://f4h.srdc.com.tr/demo/lab-test-id",
                        "value": "LT4"
                    }
                ],
                "status": "final",
                "code": {
                    "coding": [
                        {
                            "system": "http://loinc.org",
                            "code": "1751-7"
                        }
                    ]
                },
                "subject": {
                    "reference": "Patient/c2f5cba883df4a33312896e362dc5a3b"
                },
                "encounter": {
                    "reference": "Encounter/c2f5cba883df4a33312896e362dc5a3b"
                },
                "effectiveDateTime": "2019-04-24T14:25:00.000Z",
                "valueQuantity": {
                    "value": 5.4,
                    "unit": "g/dl",
                    "system": "http://unitsofmeasure.org",
                    "code": "g/dl"
                }
            },
            "search": {
                "mode": "match"
            }
        },
        {
            "fullUrl": "http://127.0.0.1:8282/fhir/Observation/447437b7e15f15d6327e8adc01eb0d01",
            "resource": {
                "resourceType": "Observation",
                "id": "447437b7e15f15d6327e8adc01eb0d01",
                "meta": {
                    "profile": [
                        "http://hl7.eu/fhir/f4h/StructureDefinition/Observation-lab-eu-f4h"
                    ],
                    "versionId": "1",
                    "lastUpdated": "2020-09-16T10:30:13.120Z"
                },
                "identifier": [
                    {
                        "system": "http://f4h.srdc.com.tr/demo/lab-test-id",
                        "value": "LT5"
                    }
                ],
                "status": "final",
                "code": {
                    "coding": [
                        {
                            "system": "http://loinc.org",
                            "code": "2160-0"
                        }
                    ]
                },
                "subject": {
                    "reference": "Patient/0ec214c69286d843c0a0abc545e05572"
                },
                "encounter": {
                    "reference": "Encounter/0ec214c69286d843c0a0abc545e05572"
                },
                "effectiveDateTime": "2019-07-01T11:35:00.000Z",
                "valueQuantity": {
                    "value": 0.6,
                    "unit": "mg/dl",
                    "system": "http://unitsofmeasure.org",
                    "code": "mg/dl"
                }
            },
            "search": {
                "mode": "match"
            }
        },
        {
            "fullUrl": "http://127.0.0.1:8282/fhir/Observation/01da0c26a00e22dc694bb8143d1b5a10",
            "resource": {
                "resourceType": "Observation",
                "id": "01da0c26a00e22dc694bb8143d1b5a10",
                "meta": {
                    "profile": [
                        "http://hl7.eu/fhir/f4h/StructureDefinition/Observation-lab-eu-f4h"
                    ],
                    "versionId": "1",
                    "lastUpdated": "2020-09-16T10:30:13.130Z"
                },
                "identifier": [
                    {
                        "system": "http://f4h.srdc.com.tr/demo/lab-test-id",
                        "value": "LT6"
                    }
                ],
                "status": "final",
                "code": {
                    "coding": [
                        {
                            "system": "http://loinc.org",
                            "code": "2160-0"
                        }
                    ]
                },
                "subject": {
                    "reference": "Patient/0bec51ec25f5bd6553468e271c5eb0b5"
                },
                "encounter": {
                    "reference": "Encounter/0bec51ec25f5bd6553468e271c5eb0b5"
                },
                "effectiveDateTime": "2017-04-22T12:50:00.000Z",
                "valueQuantity": {
                    "value": 0.9,
                    "unit": "mg/dl",
                    "system": "http://unitsofmeasure.org",
                    "code": "mg/dl"
                }
            },
            "search": {
                "mode": "match"
            }
        },
        {
            "fullUrl": "http://127.0.0.1:8282/fhir/Observation/acc0ecefa75cd5b9f27eeb247de4bfc7",
            "resource": {
                "resourceType": "Observation",
                "id": "acc0ecefa75cd5b9f27eeb247de4bfc7",
                "meta": {
                    "profile": [
                        "http://hl7.eu/fhir/f4h/StructureDefinition/Observation-lab-eu-f4h"
                    ],
                    "versionId": "1",
                    "lastUpdated": "2020-09-16T10:30:13.247Z"
                },
                "identifier": [
                    {
                        "system": "http://f4h.srdc.com.tr/demo/lab-test-id",
                        "value": "LT7"
                    }
                ],
                "status": "final",
                "code": {
                    "coding": [
                        {
                            "system": "http://loinc.org",
                            "code": "2160-0"
                        }
                    ]
                },
                "subject": {
                    "reference": "Patient/a7aa4724ad737ff8044eb6a1ef525ce3"
                },
                "encounter": {
                    "reference": "Encounter/a7aa4724ad737ff8044eb6a1ef525ce3"
                },
                "effectiveDateTime": "2016-03-12T12:45:00.000Z",
                "valueQuantity": {
                    "value": 1,
                    "unit": "mg/dl",
                    "system": "http://unitsofmeasure.org",
                    "code": "mg/dl"
                }
            },
            "search": {
                "mode": "match"
            }
        },
        {
            "fullUrl": "http://127.0.0.1:8282/fhir/Observation/84a63756090dc8b683c355868f0118cf",
            "resource": {
                "resourceType": "Observation",
                "id": "84a63756090dc8b683c355868f0118cf",
                "meta": {
                    "profile": [
                        "http://hl7.eu/fhir/f4h/StructureDefinition/Observation-lab-eu-f4h"
                    ],
                    "versionId": "1",
                    "lastUpdated": "2020-09-16T10:30:13.258Z"
                },
                "identifier": [
                    {
                        "system": "http://f4h.srdc.com.tr/demo/lab-test-id",
                        "value": "LT8"
                    }
                ],
                "status": "final",
                "code": {
                    "coding": [
                        {
                            "system": "http://loinc.org",
                            "code": "2160-0"
                        }
                    ]
                },
                "subject": {
                    "reference": "Patient/7dab8ea38cc0795f62c2bbbcf0bbc829"
                },
                "encounter": {
                    "reference": "Encounter/7dab8ea38cc0795f62c2bbbcf0bbc829"
                },
                "effectiveDateTime": "2019-10-14T14:25:00.000Z",
                "valueQuantity": {
                    "value": 0.7,
                    "unit": "mg/dl",
                    "system": "http://unitsofmeasure.org",
                    "code": "mg/dl"
                }
            },
            "search": {
                "mode": "match"
            }
        }
    ]
}