{"fileSourceList":[{"extension":"xls","label":"Condition-demo.xls","path":"C:\\F4H_DEMO\\Condition-demo.xls","sheets":[{"headers":[{"conceptMap":{},"record":[{"recordId":"2e35bdb2","target":[{"profile":"http://hl7.eu/fhir/f4h/StructureDefinition/Condition-eu-f4h","resource":"Condition","value":"Condition.id"},{"profile":"http://hl7.eu/fhir/f4h/StructureDefinition/Condition-eu-f4h","resource":"Condition","type":"Identifier.value","value":"Condition.identifier"}]}],"type":"Text","value":"conditionid"},{"conceptMap":{},"record":[{"recordId":"2e35bdb2","target":[{"profile":"http://hl7.eu/fhir/f4h/StructureDefinition/Condition-eu-f4h","resource":"Condition","type":"Reference.Encounter","value":"Condition.encounter"}]}],"type":"Text","value":"encounterid"},{"conceptMap":{},"record":[{"recordId":"2e35bdb2","target":[{"profile":"http://hl7.eu/fhir/f4h/StructureDefinition/Condition-eu-f4h","resource":"Condition","type":"Reference.Patient","value":"Condition.subject"}]}],"type":"Text","value":"patientid"},{"conceptMap":{},"record":[{"recordId":"2e35bdb2","target":[{"profile":"http://hl7.eu/fhir/f4h/StructureDefinition/Condition-eu-f4h","resource":"Condition","value":"Condition.category"}]}],"type":"Text","value":"position"},{"conceptMap":{},"record":[{"recordId":"2e35bdb2","target":[{"profile":"http://hl7.eu/fhir/f4h/StructureDefinition/Condition-eu-f4h","resource":"Condition","type":"dateTime","value":"Condition.onset[x]"}]}],"type":"Text","value":"date"},{"conceptMap":{},"record":[{"recordId":"2e35bdb2","target":[{"fixedUri":"http://hl7.org/fhir/sid/icd-10","profile":"http://hl7.eu/fhir/f4h/StructureDefinition/Condition-eu-f4h","resource":"Condition","value":"Condition.code"}]}],"type":"Text","value":"conditioncode"},{"type":"Text","value":"conditiondisplay"},{"conceptMap":{},"defaultValue":"http://f4h.srdc.com.tr/fhir/demos/condition_id","record":[{"recordId":"2e35bdb2","target":[{"profile":"http://hl7.eu/fhir/f4h/StructureDefinition/Condition-eu-f4h","resource":"Condition","type":"Identifier.system","value":"Condition.identifier"}]}]}],"label":"Sheet1","value":"Sheet1"}],"currentSheet":null},{"extension":"xlsx","label":"Encounter-demo.xlsx","path":"C:\\F4H_DEMO\\Encounter-demo.xlsx","sheets":[{"headers":[{"conceptMap":{},"record":[{"recordId":"39a691cb","target":[{"profile":"http://hl7.eu/fhir/f4h/StructureDefinition/Encounter-eu-f4h","resource":"Encounter","value":"Encounter.id"},{"profile":"http://hl7.eu/fhir/f4h/StructureDefinition/Encounter-eu-f4h","resource":"Encounter","type":"Identifier.value","value":"Encounter.identifier"}]}],"type":"Text","value":"encounter_id"},{"conceptMap":{},"record":[{"recordId":"39a691cb","target":[{"profile":"http://hl7.eu/fhir/f4h/StructureDefinition/Encounter-eu-f4h","resource":"Encounter","type":"Reference.Patient","value":"Encounter.subject"}]}],"type":"Text","value":"patient_id"},{"conceptMap":{},"record":[{"recordId":"39a691cb","target":[{"profile":"http://hl7.eu/fhir/f4h/StructureDefinition/Encounter-eu-f4h","resource":"Encounter","type":"Period.start","value":"Encounter.period"}]}],"type":"Text","value":"start_date"},{"conceptMap":{},"record":[{"recordId":"39a691cb","target":[{"profile":"http://hl7.eu/fhir/f4h/StructureDefinition/Encounter-eu-f4h","resource":"Encounter","type":"Period.end","value":"Encounter.period"}]}],"type":"Text","value":"end_date"},{"conceptMap":{},"record":[{"recordId":"39a691cb","target":[{"profile":"http://hl7.eu/fhir/f4h/StructureDefinition/Encounter-eu-f4h","resource":"Encounter","value":"Encounter.status"}]}],"type":"Text","value":"status"},{"conceptMap":{},"record":[{"recordId":"39a691cb","target":[{"profile":"http://hl7.eu/fhir/f4h/StructureDefinition/Encounter-eu-f4h","resource":"Encounter","value":"Encounter.class"}]}],"type":"Text","value":"class"},{"record":[{"recordId":"39a691cb","target":[{"profile":"http://hl7.eu/fhir/f4h/StructureDefinition/Encounter-eu-f4h","resource":"Encounter","type":"Identifier.system","value":"Encounter.identifier"}]}],"conceptMap":{},"defaultValue":"http://f4h.srdc.com.tr/fhir/demos/encounter_id"},{"record":[{"recordId":"39a691cb","target":[{"value":"Encounter.type","resource":"Encounter","profile":"http://hl7.eu/fhir/f4h/StructureDefinition/Encounter-eu-f4h","fixedUri":"http://hl7.eu/fhir/f4h/codesystem/f4h-encounter-type"}]}],"conceptMap":{},"defaultValue":"planned"}],"label":"Sheet1","value":"Sheet1"}],"currentSheet":null},{"extension":"xlsx","label":"Medication-demo.xlsx","path":"C:\\F4H_DEMO\\Medication-demo.xlsx","sheets":[{"headers":[{"conceptMap":{},"record":[{"recordId":"eaf3ca21","target":[{"profile":"http://hl7.eu/fhir/f4h/StructureDefinition/MedicationStatement-eu-f4h","resource":"MedicationStatement","value":"MedicationStatement.id"},{"profile":"http://hl7.eu/fhir/f4h/StructureDefinition/MedicationStatement-eu-f4h","resource":"MedicationStatement","type":"Identifier.value","value":"MedicationStatement.identifier"}]}],"type":"Text","value":"medication_id"},{"conceptMap":{},"record":[{"recordId":"eaf3ca21","target":[{"fixedUri":"http://www.whocc.no/atc","profile":"http://hl7.eu/fhir/f4h/StructureDefinition/MedicationStatement-eu-f4h","resource":"MedicationStatement","type":"CodeableConcept","value":"MedicationStatement.medication[x]"}]}],"type":"Text","value":"ATC"},{"type":"Text","value":"display"},{"conceptMap":{},"record":[{"recordId":"eaf3ca21","target":[{"profile":"http://hl7.eu/fhir/f4h/StructureDefinition/MedicationStatement-eu-f4h","resource":"MedicationStatement","type":"dateTime","value":"MedicationStatement.effective[x]"}]}],"type":"Text","value":"date"},{"conceptMap":{},"record":[{"recordId":"eaf3ca21","target":[{"profile":"http://hl7.eu/fhir/f4h/StructureDefinition/MedicationStatement-eu-f4h","resource":"MedicationStatement","type":"Reference.Encounter","value":"MedicationStatement.context"}]}],"type":"Text","value":"encounter_id"},{"conceptMap":{},"record":[{"recordId":"eaf3ca21","target":[{"profile":"http://hl7.eu/fhir/f4h/StructureDefinition/MedicationStatement-eu-f4h","resource":"MedicationStatement","type":"Reference.Patient","value":"MedicationStatement.subject"}]}],"type":"Text","value":"patient_id"},{"conceptMap":{},"record":[{"recordId":"eaf3ca21","target":[{"profile":"http://hl7.eu/fhir/f4h/StructureDefinition/MedicationStatement-eu-f4h","resource":"MedicationStatement","value":"MedicationStatement.status"}]}],"type":"Text","value":"status"},{"conceptMap":{},"defaultValue":"http://f4h.srdc.com.tr/fhir/demos/medication_id","record":[{"recordId":"eaf3ca21","target":[{"profile":"http://hl7.eu/fhir/f4h/StructureDefinition/MedicationStatement-eu-f4h","resource":"MedicationStatement","type":"Identifier.system","value":"MedicationStatement.identifier"}]}]}],"label":"Sheet1","value":"Sheet1"}],"currentSheet":null},{"extension":"xls","label":"Observation-demo.xls","path":"C:\\F4H_DEMO\\Observation-demo.xls","sheets":[{"headers":[{"conceptMap":{},"record":[{"recordId":"d96f1459","target":[{"profile":"http://hl7.eu/fhir/f4h/StructureDefinition/Observation-eu-f4h","resource":"Observation","value":"Observation.id"},{"profile":"http://hl7.eu/fhir/f4h/StructureDefinition/Observation-eu-f4h","resource":"Observation","type":"Identifier.value","value":"Observation.identifier"}]}],"type":"Text","value":"observationid"},{"conceptMap":{},"record":[{"recordId":"d96f1459","target":[{"profile":"http://hl7.eu/fhir/f4h/StructureDefinition/Observation-eu-f4h","resource":"Observation","type":"Reference.Encounter","value":"Observation.encounter"}]}],"type":"Text","value":"encounterid"},{"conceptMap":{},"record":[{"recordId":"d96f1459","target":[{"profile":"http://hl7.eu/fhir/f4h/StructureDefinition/Observation-eu-f4h","resource":"Observation","type":"Reference.Patient","value":"Observation.subject"}]}],"type":"Text","value":"patientid"},{"conceptMap":{},"record":[{"recordId":"d96f1459","target":[{"value":"Observation.code","resource":"Observation","profile":"http://hl7.eu/fhir/f4h/StructureDefinition/Observation-eu-f4h","fixedUri":"http://snomed.info/sct"}]}],"type":"Text","value":"observationcode"},{"type":"Text","value":"observationdisplay"},{"type":"Text","value":"valuecode"},{"conceptMap":{},"record":[{"recordId":"d96f1459","target":[{"value":"Observation.value[x]","resource":"Observation","profile":"http://hl7.eu/fhir/f4h/StructureDefinition/Observation-eu-f4h","type":"CodeableConcept","fixedUri":"http://example.com/boolean"}]}],"type":"Text","value":"valuedisplay"},{"conceptMap":{},"record":[{"recordId":"d96f1459","target":[{"profile":"http://hl7.eu/fhir/f4h/StructureDefinition/Observation-eu-f4h","resource":"Observation","type":"dateTime","value":"Observation.effective[x]"}]}],"type":"Text","value":"effectivedate"},{"record":[{"recordId":"d96f1459","target":[{"profile":"http://hl7.eu/fhir/f4h/StructureDefinition/Observation-eu-f4h","resource":"Observation","type":"Identifier.system","value":"Observation.identifier"}]}],"conceptMap":{},"defaultValue":"http://f4h.srdc.com.tr/fhir/demos/observation_id"},{"record":[{"recordId":"d96f1459","target":[{"profile":"http://hl7.eu/fhir/f4h/StructureDefinition/Observation-eu-f4h","resource":"Observation","value":"Observation.status"}]}],"conceptMap":{},"defaultValue":"final"}],"label":"Sheet 1","value":"Sheet 1"}],"currentSheet":null},{"extension":"xlsx","label":"Patient-demo.xlsx","path":"C:\\F4H_DEMO\\Patient-demo.xlsx","sheets":[{"headers":[{"conceptMap":{},"record":[{"recordId":"5e79d65b","target":[{"profile":"http://hl7.eu/fhir/f4h/StructureDefinition/Patient-eu-f4h","resource":"Patient","value":"Patient.id"},{"profile":"http://hl7.eu/fhir/f4h/StructureDefinition/Patient-eu-f4h","resource":"Patient","type":"Identifier.value","value":"Patient.identifier"}]}],"type":"Text","value":"PatientId"},{"conceptMap":{},"record":[{"recordId":"5e79d65b","target":[{"profile":"http://hl7.eu/fhir/f4h/StructureDefinition/Patient-eu-f4h","resource":"Patient","value":"Patient.gender"}]}],"type":"Text","value":"Gender"},{"conceptMap":{},"record":[{"recordId":"5e79d65b","target":[{"profile":"http://hl7.eu/fhir/f4h/StructureDefinition/Patient-eu-f4h","resource":"Patient","type":"Address.country","value":"Patient.address"}]}],"type":"Text","value":"Country"},{"conceptMap":{},"record":[{"recordId":"5e79d65b","target":[{"profile":"http://hl7.eu/fhir/f4h/StructureDefinition/Patient-eu-f4h","resource":"Patient","value":"Patient.birthDate"}]}],"type":"Date","value":"Birthdate"},{"conceptMap":{},"defaultValue":"http://f4h.srdc.com.tr/fhir/demos/patient_id","record":[{"recordId":"5e79d65b","target":[{"profile":"http://hl7.eu/fhir/f4h/StructureDefinition/Patient-eu-f4h","resource":"Patient","type":"Identifier.system","value":"Patient.identifier"}]}]}],"label":"Sheet1","value":"Sheet1"}],"currentSheet":null},{"extension":"xls","label":"SmokingStatus-demo.xls","path":"C:\\F4H_DEMO\\SmokingStatus-demo.xls","sheets":[{"value":"Sheet 1","label":"Sheet 1","headers":[{"type":"Text","value":"observationid","record":[{"recordId":"ea323f3c","target":[{"value":"Observation.id","resource":"Observation","profile":"http://hl7.eu/fhir/f4h/StructureDefinition/Observation-eu-f4h"},{"value":"Observation.identifier","resource":"Observation","profile":"http://hl7.eu/fhir/f4h/StructureDefinition/Observation-eu-f4h","type":"Identifier.value"}]}],"conceptMap":{}},{"type":"Text","value":"encounterid","record":[{"recordId":"ea323f3c","target":[{"value":"Observation.encounter","resource":"Observation","profile":"http://hl7.eu/fhir/f4h/StructureDefinition/Observation-eu-f4h","type":"Reference.Encounter"}]}],"conceptMap":{}},{"type":"Text","value":"patientid","record":[{"recordId":"ea323f3c","target":[{"value":"Observation.subject","resource":"Observation","profile":"http://hl7.eu/fhir/f4h/StructureDefinition/Observation-eu-f4h","type":"Reference.Patient"}]}],"conceptMap":{}},{"type":"Text","value":"observationcode","record":[{"recordId":"ea323f3c","target":[{"value":"Observation.code","resource":"Observation","profile":"http://hl7.eu/fhir/f4h/StructureDefinition/Observation-eu-f4h","fixedUri":"http://loinc.org"}]}],"conceptMap":{}},{"type":"Text","value":"observationdisplay"},{"type":"Text","value":"valuecode","record":[{"recordId":"ea323f3c","target":[{"value":"Observation.value[x]","resource":"Observation","profile":"http://hl7.eu/fhir/f4h/StructureDefinition/Observation-eu-f4h","type":"CodeableConcept","fixedUri":"http://snomed.info/sct"}]}],"conceptMap":{}},{"type":"Text","value":"valuedisplay"},{"type":"Text","value":"effectivedate","record":[{"recordId":"ea323f3c","target":[{"value":"Observation.effective[x]","resource":"Observation","profile":"http://hl7.eu/fhir/f4h/StructureDefinition/Observation-eu-f4h","type":"dateTime"}]}],"conceptMap":{}},{"record":[{"recordId":"ea323f3c","target":[{"value":"Observation.identifier","resource":"Observation","profile":"http://hl7.eu/fhir/f4h/StructureDefinition/Observation-eu-f4h","type":"Identifier.system"}]}],"conceptMap":{},"defaultValue":"http://f4h.srdc.com.tr/fhir/demos/smoking_id"},{"record":[{"recordId":"ea323f3c","target":[{"value":"Observation.status","resource":"Observation","profile":"http://hl7.eu/fhir/f4h/StructureDefinition/Observation-eu-f4h"}]}],"conceptMap":{},"defaultValue":"final"}]}],"currentSheet":null},{"extension":"xlsx","label":"LabTest-demo.xlsx","path":"C:\\F4H_DEMO\\LabTest-demo.xlsx","sheets":[{"value":"Sheet1","label":"Sheet1","headers":[{"type":"Text","value":"*labtest_id","record":[{"recordId":"0a10b01a","target":[{"value":"Observation.id","resource":"Observation","profile":"http://hl7.eu/fhir/f4h/StructureDefinition/Observation-lab-eu-f4h"},{"value":"Observation.identifier","resource":"Observation","profile":"http://hl7.eu/fhir/f4h/StructureDefinition/Observation-lab-eu-f4h","type":"Identifier.value"}]}],"conceptMap":{}},{"type":"Text","value":"*encounter_id","record":[{"recordId":"0a10b01a","target":[{"value":"Observation.encounter","resource":"Observation","profile":"http://hl7.eu/fhir/f4h/StructureDefinition/Observation-lab-eu-f4h","type":"Reference.Encounter"}]}],"conceptMap":{}},{"type":"Text","value":"*patient_id","record":[{"recordId":"0a10b01a","target":[{"value":"Observation.subject","resource":"Observation","profile":"http://hl7.eu/fhir/f4h/StructureDefinition/Observation-lab-eu-f4h","type":"Reference.Patient"}]}],"conceptMap":{}},{"type":"Text","value":"*labtest_code","record":[{"recordId":"0a10b01a","target":[{"value":"Observation.code","resource":"Observation","profile":"http://hl7.eu/fhir/f4h/StructureDefinition/Observation-lab-eu-f4h","fixedUri":"http://loinc.org"}]}],"conceptMap":{}},{"type":"Text","value":"labtest_display"},{"type":"Text","value":"value_str"},{"type":"Number","value":"value","record":[{"recordId":"0a10b01a","target":[{"value":"Observation.value[x]","resource":"Observation","profile":"http://hl7.eu/fhir/f4h/StructureDefinition/Observation-lab-eu-f4h","type":"Quantity.value"}]}],"conceptMap":{}},{"type":"Text","value":"unit","record":[{"recordId":"0a10b01a","target":[{"value":"Observation.value[x]","resource":"Observation","profile":"http://hl7.eu/fhir/f4h/StructureDefinition/Observation-lab-eu-f4h","type":"Quantity.unit"},{"value":"Observation.value[x]","resource":"Observation","profile":"http://hl7.eu/fhir/f4h/StructureDefinition/Observation-lab-eu-f4h","type":"Quantity.code"}]}],"conceptMap":{}},{"type":"Date","value":"*sample_date","record":[{"recordId":"0a10b01a","target":[{"value":"Observation.effective[x]","resource":"Observation","profile":"http://hl7.eu/fhir/f4h/StructureDefinition/Observation-lab-eu-f4h","type":"dateTime"}]}],"conceptMap":{}},{"record":[{"recordId":"0a10b01a","target":[{"value":"Observation.identifier","resource":"Observation","profile":"http://hl7.eu/fhir/f4h/StructureDefinition/Observation-lab-eu-f4h","type":"Identifier.system"}]}],"conceptMap":{},"defaultValue":"http://f4h.srdc.com.tr/demo/lab-test-id"},{"record":[{"recordId":"0a10b01a","target":[{"value":"Observation.value[x]","resource":"Observation","profile":"http://hl7.eu/fhir/f4h/StructureDefinition/Observation-lab-eu-f4h","type":"Quantity.system"}]}],"conceptMap":{},"defaultValue":"http://unitsofmeasure.org"},{"record":[{"recordId":"0a10b01a","target":[{"value":"Observation.status","resource":"Observation","profile":"http://hl7.eu/fhir/f4h/StructureDefinition/Observation-lab-eu-f4h"}]}],"conceptMap":{},"defaultValue":"final"}]}],"currentSheet":null}]}